time,forcex,moment,Cd,theta,omega,Cip,real_moment
0,0.009799486,-0.000386898,0.019634313,0,1.315947253,0.006248187,-0.000236975
0.004,0.19,-0.36,0.380685233,0.005263434,1.315681271,5.812617115,-0.2205
0.008,0.184257377,-0.35061362,0.369179276,0.010524741,1.31488343,5.65763022,-0.214750842
0.012,0.174704104,-0.34045985,0.350038276,0.015781793,1.313554053,5.488230911,-0.208531658
0.016,0.16291859,-0.314546862,0.326424744,0.021032465,1.311693679,5.063330852,-0.192659953
0.02,0.160214126,-0.298405271,0.321006062,0.026274636,1.309303058,4.794741473,-0.182773228
0.024,0.157712963,-0.283291769,0.315994717,0.031506184,1.306383158,4.541748187,-0.173516208
0.028,0.159207556,-0.273663483,0.318989293,0.036724997,1.302935158,4.375807176,-0.167618883
0.032,0.160809875,-0.264425722,0.322199709,0.041928963,1.298960453,4.215199667,-0.161960755
0.036,0.162269715,-0.25614546,0.325124655,0.04711598,1.294460649,4.069059479,-0.156889094
0.04,0.1627159,-0.2480686,0.326018634,0.052283951,1.289437565,3.925460728,-0.151942017
0.044,0.163951997,-0.24013335,0.328495285,0.057430786,1.283893232,3.783553791,-0.147081677
0.048,0.17020297,-0.235721394,0.341019776,0.062554404,1.277829891,3.696498772,-0.144379354
0.052,0.167791572,-0.226764983,0.336188283,0.067652736,1.271249994,3.537736466,-0.138893552
0.056,0.168111938,-0.219480538,0.336830171,0.072723719,1.264156199,3.404985593,-0.13443183
0.06,0.169071762,-0.212588454,0.33875328,0.077765304,1.256551375,3.278222656,-0.130210428
0.064,0.175257219,-0.208514525,0.351146503,0.082775453,1.248438596,3.194640725,-0.127715147
0.068,0.169588555,-0.198397171,0.339788729,0.08775214,1.239821142,3.01865191,-0.121518267
0.072,0.169071326,-0.191891569,0.338752407,0.092693354,1.230702495,2.898194308,-0.117533586
0.076,0.177772398,-0.188585099,0.356185931,0.097597097,1.221086343,2.82600074,-0.115508373
0.08,0.163714969,-0.176578135,0.328020375,0.102461386,1.210976572,2.624165309,-0.108154108
0.084,0.169761883,-0.173148386,0.34013601,0.107284257,1.20037727,2.550672706,-0.106053387
0.088,0.164514864,-0.164398006,0.329623049,0.112063758,1.18929272,2.399406497,-0.100693779
0.092,0.156450996,-0.155811865,0.313466232,0.116797957,1.177727405,2.251976374,-0.095434767
0.096,0.160802321,-0.151659904,0.322184573,0.121484942,1.165685998,2.16955607,-0.092891691
0.1,0.146327034,-0.14077452,0.293181796,0.126122817,1.153173369,1.992219482,-0.086224394
0.104,0.148964609,-0.135991483,0.298466458,0.130709707,1.140194574,1.902870372,-0.083294784
0.108,0.142673135,-0.128909825,0.285860819,0.135243759,1.126754861,1.782518245,-0.078957268
0.112,0.134593727,-0.121017655,0.269672866,0.139723139,1.112859663,1.652751877,-0.074123314
0.116,0.131250845,-0.114499136,0.262975045,0.144146036,1.098514596,1.543570841,-0.070130721
0.12,0.111075606,-0.103204694,0.222551805,0.148510664,1.08372546,1.372578682,-0.063212875
0.124,0.111138228,-0.09833238,0.222677276,0.152815256,1.068498233,1.289403609,-0.060228583
0.128,0.105349508,-0.092033989,0.211078958,0.157058074,1.05283907,1.189128435,-0.056370819
0.132,0.088925806,-0.081926564,0.178172322,0.161237401,1.036754302,1.042363296,-0.05018002
0.136,0.074007205,-0.072917274,0.148281317,0.165351549,1.020250431,0.912968377,-0.04466183
0.14,0.075434493,-0.069338584,0.15114104,0.169398855,1.003334128,0.853766437,-0.042469883
0.144,0.059451342,-0.060867347,0.119117095,0.173377681,0.986012232,0.736521105,-0.03728125
0.148,0.040679562,-0.050567368,0.081505835,0.177286421,0.968291746,0.60089017,-0.030972513
0.152,0.036677183,-0.045644206,0.073486642,0.181123493,0.950179832,0.532243033,-0.027957076
0.156,0.031695284,-0.040631069,0.063504876,0.184887348,0.931683812,0.464563756,-0.02488653
0.16,0.006436367,-0.029514982,0.012895948,0.188576462,0.912811163,0.330629791,-0.018077926
0.164,-0.005611488,-0.022359409,-0.011243213,0.192189345,0.893569514,0.245192499,-0.013695138
0.168,-0.017075431,-0.016111399,-0.034212445,0.195724536,0.873966644,0.17280115,-0.009868232
0.172,-0.027349252,-0.009823119,-0.054797139,0.199180607,0.854010477,0.102951133,-0.00601666
0.176,-0.043898483,-0.001902065,-0.087955285,0.20255616,0.833709081,0.019460696,-0.001165015
0.18,-0.048995255,0.002275993,-0.098167211,0.20584983,0.813070661,-0.022710027,0.001394045
0.184,-0.078396208,0.013284682,-0.157075152,0.209060287,0.792103561,-0.129137288,0.008136868
0.188,-0.084619445,0.018470591,-0.16954407,0.212186232,0.770816257,-0.17472304,0.011313237
0.192,-0.096437726,0.024061644,-0.193223254,0.215226401,0.749217354,-0.221233887,0.014737757
0.196,-0.118580807,0.032299987,-0.237589274,0.218179567,0.727315584,-0.28829942,0.019783742
0.2,-0.133491048,0.038930518,-0.267463529,0.221044534,0.705119799,-0.3368772,0.023844942
0.204,-0.148410131,0.045527913,-0.297355502,0.223820145,0.682638973,-0.381405844,0.027885847
0.208,-0.157943917,0.050484535,-0.316457458,0.226505278,0.659882194,-0.408830506,0.030921778
0.212,-0.175238846,0.057182243,-0.35110969,0.229098847,0.63685866,-0.446912776,0.035024124
0.216,-0.190469469,0.063469597,-0.381625864,0.231599804,0.613577679,-0.477918472,0.038875128
0.22,-0.206967471,0.069981926,-0.414681369,0.234007138,0.590048662,-0.506748236,0.04286393
0.224,-0.226273513,0.077000447,-0.453363079,0.236319875,0.56628112,-0.535110969,0.047162774
0.228,-0.2329445,0.08094989,-0.466729112,0.238537081,0.542284662,-0.538718773,0.049581808
0.232,-0.248025443,0.086802777,-0.496945389,0.24065786,0.518068988,-0.55187375,0.053166701
0.236,-0.261168464,0.092262488,-0.523278831,0.242681354,0.493643887,-0.558930034,0.056510774
0.24,-0.282677453,0.099626946,-0.566374379,0.244606745,0.469019233,-0.573437369,0.061021504
0.244,-0.297320072,0.105231392,-0.595712426,0.246433255,0.44420498,-0.573650345,0.064454227
0.248,-0.312517611,0.111027902,-0.626162315,0.248160146,0.419211159,-0.571193807,0.06800459
0.252,-0.326398907,0.116527498,-0.653974969,0.249786718,0.394047874,-0.563502614,0.071373093
0.256,-0.344444638,0.122985444,-0.690131513,0.251312316,0.368725296,-0.556512815,0.075328584
0.26,-0.353641723,0.127285536,-0.708558853,0.252736322,0.343253664,-0.536182654,0.077962391
0.264,-0.371753419,0.133617165,-0.744847563,0.25405816,0.317643272,-0.520859316,0.081840513
0.268,-0.382274265,0.138516161,-0.765927199,0.255277297,0.291904475,-0.496203387,0.084841149
0.272,-0.397188073,0.143997782,-0.795808601,0.256393239,0.266047677,-0.470147139,0.088198642
0.276,-0.412577611,0.14959311,-0.82664318,0.257405535,0.24008333,-0.440749796,0.09162578
0.28,-0.42581976,0.154902657,-0.853175236,0.258313776,0.214021931,-0.406851263,0.094877877
0.284,-0.438583308,0.16009174,-0.878748364,0.259117595,0.187874014,-0.369108599,0.098056191
0.288,-0.451576406,0.165324772,-0.904781419,0.259816667,0.16165015,-0.327968829,0.101261423
0.292,-0.46439299,0.17049864,-0.930460809,0.260410709,0.13536094,-0.283225794,0.104430417
0.296,-0.476794632,0.175644128,-0.95530882,0.260899482,0.109017011,-0.234988402,0.107582028
0.3,-0.488901384,0.180714407,-0.979565987,0.261282787,0.082629012,-0.183249947,0.110687574
0.304,-0.500523167,0.185763553,-1.002851467,0.261560469,0.05620761,-0.128136883,0.113780176
0.308,-0.512294304,0.190858837,-1.026436193,0.261732417,0.029763487,-0.069713135,0.116901038
0.312,-0.524001311,0.195964918,-1.049892429,0.261798561,0.003307333,-0.007953801,0.120028512
0.316,-0.535363847,0.201074648,-1.07265848,0.261758874,-0.023150159,0.057125474,0.123158222
0.32,-0.54629283,0.206080526,-1.09455586,0.261613372,-0.049598292,0.125436002,0.126224322
0.324,-0.556765155,0.211073929,-1.115538279,0.261362114,-0.076026376,0.196932505,0.129282781
0.328,-0.566653958,0.215993116,-1.135351549,0.261005202,-0.102423726,0.27149323,0.132295784
0.332,-0.576072103,0.220845058,-1.154221806,0.26054278,-0.128779672,0.349022578,0.135267598
0.336,-0.586084492,0.225892853,-1.174282694,0.259975034,-0.155083559,0.429919133,0.138359372
0.34,-0.59507061,0.230763017,-1.192287338,0.259302195,-0.181324755,0.513501634,0.141342348
0.344,-0.604299855,0.235643748,-1.210779112,0.258524534,-0.20749265,0.6000358,0.144331795
0.348,-0.611203085,0.240167287,-1.224610469,0.257642366,-0.233576668,0.688433246,0.147102463
0.352,-0.620554676,0.245192363,-1.243347377,0.256656046,-0.259566264,0.781040775,0.150180322
0.356,-0.627754309,0.249996723,-1.257772609,0.255565975,-0.285450931,0.875758383,0.153122993
0.36,-0.63588904,0.255014444,-1.274071408,0.254372593,-0.311220206,0.973982353,0.156196347
0.364,-0.642759381,0.259803821,-1.287836868,0.253076381,-0.336863671,1.074034504,0.15912984
0.368,-0.649360459,0.264455881,-1.30106283,0.251677865,-0.362370961,1.176048252,0.161979227
0.372,-0.652371405,0.268373776,-1.307095582,0.250177609,-0.387731764,1.276997306,0.164378938
0.376,-0.659755548,0.273422674,-1.321890498,0.24857622,-0.412935829,1.385592793,0.167471388
0.38,-0.663347882,0.277571028,-1.329088122,0.246874345,-0.437972966,1.491900849,0.170012255
0.384,-0.66746063,0.282307392,-1.337328451,0.245072672,-0.462833054,1.603485879,0.172913277
0.388,-0.670543416,0.28653374,-1.34350514,0.24317193,-0.487506044,1.714250547,0.175501916
0.392,-0.672894848,0.290607568,-1.348216487,0.241172887,-0.511981962,1.825913099,0.177997135
0.396,-0.676020602,0.295461432,-1.354479267,0.23907635,-0.536250914,1.944407854,0.180970127
0.4,-0.677596352,0.299338788,-1.357636451,0.236883168,-0.560303089,2.058280389,0.183345008
0.404,-0.679943197,0.303658548,-1.362338604,0.234594228,-0.584128764,2.176770422,0.185990861
0.408,-0.679418132,0.307537162,-1.36128658,0.232210453,-0.607718308,2.293604041,0.188366512
0.412,-0.679711408,0.311296056,-1.361874189,0.229732809,-0.631062184,2.410817295,0.190668834
0.416,-0.678956699,0.315019893,-1.36036205,0.227162296,-0.654150957,2.528916467,0.192949685
0.42,-0.67669781,0.318617564,-1.355836125,0.224499954,-0.676975292,2.647043354,0.195153258
0.424,-0.676123067,0.322528604,-1.354684566,0.221746858,-0.699525962,2.768793695,0.19754877
0.428,-0.673270823,0.325539604,-1.348969792,0.218904123,-0.721793853,2.883603431,0.199393008
0.432,-0.671619054,0.330287566,-1.345660296,0.215972897,-0.743769962,3.014736662,0.202301134
0.436,-0.66873482,0.333428406,-1.339881427,0.212954364,-0.765445405,3.13209798,0.204224899
0.44,-0.661017705,0.335937762,-1.324419365,0.209849746,-0.78681142,3.243754688,0.205761879
0.444,-0.657425464,0.339648316,-1.317221927,0.206660297,-0.807859371,3.367315084,0.208034594
0.448,-0.651469411,0.343011167,-1.305288341,0.203387306,-0.828580748,3.487880693,0.21009434
0.452,-0.645872521,0.345364352,-1.294074376,0.200032098,-0.848967175,3.598213512,0.211535665
0.456,-0.638182444,0.348439708,-1.278666488,0.196596027,-0.869010411,3.71596097,0.213419321
0.46,-0.629839777,0.350632332,-1.261951066,0.193080483,-0.888702354,3.824078628,0.214762303
0.464,-0.623072913,0.354589578,-1.248392933,0.189486887,-0.908035043,3.951364553,0.217186117
0.468,-0.613192963,0.355613504,-1.228597401,0.185816692,-0.927000663,4.045542918,0.217813271
0.472,-0.603088977,0.357539764,-1.208352989,0.182071381,-0.945591547,4.14902884,0.218993105
0.476,-0.594737957,0.360870611,-1.191620832,0.178252469,-0.96380018,4.268320686,0.221033249
0.48,-0.581767817,0.360253888,-1.165633775,0.174361499,-0.981619202,4.339805285,0.220655506
0.484,-0.570407795,0.363050272,-1.142872761,0.170400044,-0.999041408,4.451114629,0.222368292
0.488,-0.559102391,0.363811188,-1.12022118,0.166369706,-1.016059756,4.536425932,0.222834353
0.492,-0.546678735,0.366257641,-1.095329063,0.162272114,-1.032667368,4.641578185,0.224332805
0.496,-0.535086854,0.365244036,-1.072103495,0.158108924,-1.048857528,4.701302056,0.223711972
0.5,-0.520854493,0.367783078,-1.043587444,0.153881819,-1.064623692,4.805143844,0.225267135
0.504,-0.507433722,0.368572984,-1.0166975,0.149592508,-1.079959487,4.884830361,0.225750953
0.508,-0.492102554,0.367501066,-0.985979872,0.145242725,-1.094858713,4.937819448,0.225094403
0.512,-0.477707276,0.370570219,-0.957137399,0.140834229,-1.109315348,5.044801224,0.226974259
0.516,-0.462982045,0.369338649,-0.927633831,0.136368801,-1.123323547,5.09152806,0.226219922
0.52,-0.446696183,0.370079929,-0.895003371,0.131848246,-1.136877648,5.163305034,0.226673956
0.524,-0.431101017,0.371969876,-0.863756795,0.127274392,-1.149972171,5.249447835,0.227831549
0.528,-0.414845329,0.370960448,-0.831186794,0.122649088,-1.162601824,5.292698198,0.227213274
0.532,-0.40060914,0.368073133,-0.802663074,0.117974204,-1.1747615,5.306428856,0.225444794
0.536,-0.380940184,0.370704036,-0.763254226,0.11325163,-1.186446284,5.397515752,0.227056222
0.54,-0.365955699,0.368407058,-0.733231215,0.108483273,-1.197651452,5.414731312,0.225649323
0.544,-0.346779249,0.368737807,-0.694809154,0.103671063,-1.208372476,5.468107156,0.225851907
0.548,-0.33137675,0.366655362,-0.663948608,0.098816945,-1.218605021,5.483268681,0.224576409
0.552,-0.313072677,0.366319777,-0.627274449,0.09392288,-1.22834495,5.522036003,0.224370863
0.556,-0.293776763,0.365807053,-0.58861303,0.088990847,-1.237588326,5.555802544,0.22405682
0.56,-0.279843201,0.362970638,-0.560695653,0.084022841,-1.246331413,5.551668931,0.222319516
0.564,-0.259199524,0.362150483,-0.519333848,0.079020868,-1.254570677,5.575742701,0.221817171
0.568,-0.243414988,0.358737575,-0.48770785,0.073986951,-1.262302785,5.557237171,0.219726765
0.572,-0.225431653,0.357177479,-0.451676323,0.068923126,-1.269524614,5.564725117,0.218771206
0.576,-0.207928278,0.354366142,-0.416606448,0.063831439,-1.276233244,5.55009986,0.217049262
0.58,-0.18865986,0.353196307,-0.37800012,0.058713948,-1.282425962,5.558619915,0.216332738
0.584,-0.173524256,0.34934962,-0.347674327,0.053572722,-1.288100265,5.522407721,0.213976642
0.588,-0.155797158,0.346708579,-0.312156197,0.04840984,-1.29325386,5.502586708,0.212359005
0.592,-0.13816089,0.344956445,-0.276820056,0.043227388,-1.297884662,5.494382458,0.211285823
0.596,-0.122991719,0.340495963,-0.246427007,0.038027462,-1.301990801,5.44049488,0.208553777
0.6,-0.10349293,0.33822163,-0.207359105,0.032812164,-1.305570616,5.419013949,0.207160749
0.604,-0.088944618,0.334066977,-0.178210013,0.027583601,-1.308622661,5.364960231,0.204616024
0.608,-0.073211308,0.330545644,-0.146686651,0.022343888,-1.3111457,5.318643927,0.202459207
0.612,-0.059752619,0.325960976,-0.119720735,0.017095142,-1.313138715,5.252846845,0.199651098
0.616,-0.041418325,0.323761306,-0.082986025,0.011839486,-1.3146009,5.223208855,0.1983038
0.62,-0.030013685,0.317614476,-0.060135614,0.006579044,-1.315531663,5.127670583,0.194538867
0.624,-0.013287688,0.314012364,-0.026623298,0.001315942,-1.315930629,5.071054376,0.192332573
0.628,-0.000818964,0.309149527,-0.001640882,-0.003947692,-1.315797636,4.992018788,0.189354085
0.632,0.014515321,0.305427959,0.02908299,-0.00920973,-1.315132738,4.929432245,0.187074625
0.636,0.025063966,0.299667112,0.050218325,-0.014468045,-1.313936203,4.832055169,0.183546106
0.64,0.041278948,0.29623709,0.082706768,-0.019720512,-1.312208516,4.770466031,0.181445217
0.644,0.051725863,0.290821464,0.103638275,-0.024965006,-1.309950375,4.675196,0.178128147
0.648,0.064606465,0.286807904,0.129445933,-0.030199409,-1.307162692,4.600862808,0.175669841
0.652,0.071737364,0.279550644,0.143733449,-0.035421603,-1.303846595,4.473068175,0.171224769
0.656,0.0822902,0.274573706,0.164877179,-0.040629478,-1.300003423,4.380482659,0.168176395
0.66,0.090201102,0.268702804,0.180727513,-0.04582093,-1.295634732,4.272413747,0.164580468
0.664,0.099614832,0.26291323,0.199588923,-0.050993858,-1.290742286,4.164573212,0.161034353
0.668,0.108798678,0.257673495,0.217989738,-0.056146172,-1.285328063,4.064454452,0.157825016
0.672,0.115412523,0.251585387,0.231241281,-0.06127579,-1.279394253,3.950102188,0.15409605
0.676,0.126647647,0.246984581,0.253752048,-0.066380637,-1.272943253,3.858312581,0.151278056
0.68,0.130147318,0.240097877,0.260764011,-0.07145865,-1.265977672,3.730206624,0.14705995
0.684,0.137498911,0.234188773,0.27549371,-0.076507776,-1.258500325,3.616911863,0.143440623
0.688,0.139732414,0.22719227,0.279968772,-0.081525974,-1.250514236,3.486588672,0.139155266
0.692,0.145059968,0.221132309,0.290643094,-0.086511216,-1.242022632,3.370545801,0.135443539
0.696,0.146874581,0.214044437,0.294278865,-0.091461485,-1.233028945,3.238886573,0.131102217
0.7,0.148818274,0.207239987,0.29817326,-0.096374783,-1.223536813,3.111781686,0.126934492
0.704,0.152065024,0.201407691,0.30467847,-0.101249121,-1.213550071,2.999523541,0.123362211
0.708,0.153234957,0.194322243,0.307022555,-0.106082529,-1.203072758,2.869015742,0.119022374
0.712,0.154750414,0.187929961,0.310058934,-0.110873054,-1.192109108,2.749353313,0.115107101
0.716,0.15408984,0.181320652,0.308735403,-0.115618759,-1.180663553,2.627192847,0.1110589
0.72,0.149838171,0.173464272,0.300216733,-0.120317726,-1.168740721,2.48797915,0.106246867
0.724,0.151797402,0.167169013,0.30414226,-0.124968055,-1.15634543,2.372257836,0.10239102
0.728,0.142587219,0.158612382,0.285688679,-0.129567866,-1.143482692,2.225795223,0.097150084
0.732,0.145159911,0.153184923,0.290843341,-0.1341153,-1.130157707,2.124582483,0.093825765
0.736,0.13705442,0.144647904,0.274603126,-0.138608519,-1.11637586,1.981714583,0.088596841
0.74,0.135917395,0.13851492,0.272324974,-0.143045705,-1.102142724,1.873496634,0.084840389
0.744,0.130538516,0.131930441,0.261547818,-0.147425067,-1.087464052,1.760671959,0.080807395
0.748,0.119750059,0.123418171,0.239931997,-0.151744832,-1.072345777,1.624173703,0.07559363
0.752,0.116492156,0.116678594,0.233404441,-0.156003255,-1.056794012,1.513212968,0.071465639
0.756,0.106617855,0.10882113,0.213620227,-0.160198614,-1.040815042,1.389969641,0.066652942
0.76,0.09897731,0.101870576,0.198311582,-0.164329214,-1.024415328,1.28068804,0.062395728
0.764,0.091223523,0.095237956,0.182776042,-0.168393385,-1.007601498,1.177653144,0.058333248
0.768,0.080371316,0.087026944,0.161032491,-0.172389483,-0.990380351,1.057728662,0.053304003
0.772,0.071126555,0.080081736,0.142509628,-0.176315894,-0.972758846,0.955998453,0.049050063
0.776,0.061863368,0.073258358,0.123949846,-0.180171029,-0.954744109,0.858346602,0.044870744
0.78,0.048125959,0.0654607,0.096425485,-0.183953332,-0.93634342,0.752201731,0.040094679
0.784,0.039718539,0.05852199,0.079580322,-0.187661272,-0.917564219,0.658982802,0.035844719
0.788,0.028899148,0.051588507,0.057902521,-0.191293351,-0.898414097,0.568784872,0.03159796
0.792,0.01228746,0.043846053,0.024619235,-0.194848101,-0.878900795,0.472921307,0.026855707
0.796,0.00356867,0.037422385,0.00715021,-0.198324084,-0.859032202,0.394511288,0.022921211
0.8,-0.008439817,0.03029422,-0.016910073,-0.201719895,-0.838816349,0.311849597,0.01855521
0.804,-0.025636339,0.022596288,-0.051365134,-0.205034162,-0.818261408,0.226906894,0.013840226
0.808,-0.033644942,0.016655054,-0.067411224,-0.208265545,-0.797375689,0.162977466,0.010201221
0.812,-0.050740203,0.009329595,-0.1016634,-0.211412738,-0.776167634,0.088866245,0.005714377
0.816,-0.063238205,0.002615995,-0.126704478,-0.214474468,-0.754645817,0.024226945,0.001602297
0.82,-0.077518808,-0.00403744,-0.155317188,-0.217449498,-0.732818938,-0.036309583,-0.002472932
0.824,-0.090487151,-0.010399526,-0.181300643,-0.220336625,-0.71069582,-0.09070178,-0.006369709
0.828,-0.104321496,-0.017029771,-0.209019226,-0.223134681,-0.688285407,-0.143845375,-0.010430735
0.832,-0.117418542,-0.023249094,-0.235260554,-0.225842537,-0.665596758,-0.189904716,-0.01424007
0.836,-0.133928531,-0.029881994,-0.268340074,-0.228459097,-0.642639044,-0.235665062,-0.018302721
0.84,-0.146166105,-0.035818458,-0.292859358,-0.230983303,-0.619421547,-0.272277479,-0.021938806
0.844,-0.161792467,-0.042251367,-0.324168438,-0.233414135,-0.595953651,-0.309009455,-0.025878962
0.848,-0.174282835,-0.048057902,-0.34919422,-0.235750611,-0.572244843,-0.337493351,-0.029435465
0.852,-0.191452096,-0.054316995,-0.383594663,-0.237991786,-0.548304709,-0.365490618,-0.033269159
0.856,-0.201951564,-0.059773034,-0.404631465,-0.240136753,-0.524142924,-0.384479823,-0.036610984
0.86,-0.216742742,-0.065583414,-0.434267164,-0.242184646,-0.499769258,-0.40223706,-0.040169841
0.864,-0.232449827,-0.0717103,-0.465737983,-0.244134638,-0.475193562,-0.418187079,-0.043922559
0.868,-0.245417796,-0.077238132,-0.49172069,-0.245985939,-0.450425771,-0.426946559,-0.047308356
0.872,-0.259158511,-0.082826546,-0.519251676,-0.247737801,-0.425475897,-0.43247702,-0.050731259
0.876,-0.273441603,-0.088381176,-0.547869371,-0.249389517,-0.400354027,-0.434232674,-0.05413347
0.88,-0.284792569,-0.093548183,-0.57061224,-0.250940418,-0.375070316,-0.430592613,-0.057298262
0.884,-0.299320148,-0.098961369,-0.599719792,-0.252389877,-0.349634984,-0.424618683,-0.060613839
0.888,-0.313335511,-0.104246122,-0.627801063,-0.253737309,-0.324058314,-0.414573557,-0.06385075
0.892,-0.326026029,-0.109437839,-0.653227868,-0.254982169,-0.298350644,-0.400694159,-0.067030676
0.896,-0.339135419,-0.11470446,-0.679493927,-0.256123953,-0.272522368,-0.383619773,-0.070256482
0.9,-0.352437992,-0.119901071,-0.70614705,-0.257162201,-0.246583926,-0.362832639,-0.073439406
0.904,-0.364965406,-0.12505894,-0.731247056,-0.258096492,-0.220545804,-0.338479263,-0.076598601
0.908,-0.37751986,-0.130204248,-0.756401243,-0.258926448,-0.194418527,-0.31065713,-0.079750102
0.912,-0.390014684,-0.135353009,-0.781435952,-0.259651735,-0.168212657,-0.279412036,-0.082903718
0.916,-0.401927494,-0.140335714,-0.805304537,-0.260272059,-0.141938788,-0.244448753,-0.085955625
0.92,-0.414555404,-0.145664366,-0.830605899,-0.260787169,-0.115607541,-0.206660754,-0.089219424
0.924,-0.42616503,-0.150774953,-0.853867021,-0.261196857,-0.08922956,-0.165103574,-0.092349658
0.928,-0.438138464,-0.155936535,-0.87785707,-0.261500957,-0.062815508,-0.120207975,-0.095511128
0.932,-0.449812323,-0.161074193,-0.901246891,-0.261699347,-0.036376064,-0.071905182,-0.098657943
0.936,-0.461509126,-0.166280345,-0.924682681,-0.261791946,-0.009921915,-0.020246731,-0.101846712
0.94,-0.472986044,-0.171471124,-0.947677909,-0.261778717,0.016536246,0.034797371,-0.105026063
0.944,-0.48419097,-0.176653004,-0.970128171,-0.261659665,0.042987721,0.093193146,-0.108199965
0.948,-0.495229806,-0.181837347,-0.992245654,-0.261434839,0.069421819,0.154916473,-0.111375375
0.952,-0.506108093,-0.187029733,-1.01404146,-0.261104328,0.095827854,0.219948466,-0.114555711
0.956,-0.516460596,-0.192198962,-1.034783803,-0.260668267,0.12219515,0.288219612,-0.117721864
0.96,-0.526761082,-0.197445206,-1.055421923,-0.260126833,0.14851305,0.359856817,-0.120935189
0.964,-0.536977568,-0.202685414,-1.07589174,-0.259480243,0.174770914,0.434720556,-0.124144816
0.968,-0.546077871,-0.207749895,-1.094125167,-0.25872876,0.200958127,0.512347841,-0.127246811
0.972,-0.555598049,-0.212970088,-1.113199858,-0.257872686,0.227064105,0.593452028,-0.130444179
0.976,-0.56459026,-0.218174213,-1.131216709,-0.256912369,0.253078292,0.677605364,-0.133631705
0.98,-0.573750799,-0.223596476,-1.149570825,-0.255848196,0.278990174,0.765547929,-0.136952842
0.984,-0.582093821,-0.228845681,-1.166286959,-0.254680598,0.304789275,0.855974693,-0.14016798
0.988,-0.589630809,-0.234075131,-1.181388116,-0.253410047,0.330465167,0.949291269,-0.143371017
0.992,-0.597463407,-0.239126624,-1.19708156,-0.252037055,0.35600747,1.044733608,-0.146465057
0.996,-0.604849069,-0.244390692,-1.21187952,-0.250562179,0.381405858,1.143906543,-0.149689299
1,-0.611524736,-0.24968416,-1.22525493,-0.248986014,0.406650065,1.246035344,-0.152931548
1.004,-0.619118914,-0.255130262,-1.240470676,-0.247309197,0.431729885,1.351738276,-0.156267286
1.008,-0.624402666,-0.260133734,-1.251057234,-0.245532407,0.456635181,1.457755088,-0.159331912
1.012,-0.629106894,-0.264968553,-1.260482657,-0.243656362,0.481355884,1.56523353,-0.162293239
1.016,-0.634780598,-0.270052719,-1.271850528,-0.24168182,0.505882001,1.676549212,-0.165407291
1.02,-0.639329818,-0.275414814,-1.280965374,-0.239609579,0.530203617,1.792043331,-0.168691574
1.024,-0.643427177,-0.28036447,-1.289174869,-0.237440477,0.554310902,1.907194204,-0.171723238
1.028,-0.646654019,-0.285607861,-1.29564019,-0.23517539,0.578194108,2.026573417,-0.174934815
1.032,-0.648881347,-0.290186244,-1.30010288,-0.232815235,0.601843583,2.143280333,-0.177739075
1.036,-0.652308583,-0.295250192,-1.306969711,-0.230360966,0.625249764,2.265490513,-0.180840742
1.04,-0.653949715,-0.300150591,-1.310257895,-0.227813574,0.648403192,2.388376942,-0.183842237
1.044,-0.653581413,-0.304177998,-1.309519961,-0.22517409,0.671294505,2.505875051,-0.186309024
1.048,-0.654922299,-0.309182488,-1.312206569,-0.22244358,0.693914451,2.63293018,-0.189374274
1.052,-0.654757058,-0.314125122,-1.311875492,-0.219623148,0.716253885,2.761138457,-0.192401638
1.056,-0.654760202,-0.318629521,-1.311881792,-0.216713935,0.738303777,2.886952409,-0.195160582
1.06,-0.651235541,-0.322002022,-1.304819757,-0.213717116,0.760055213,3.003462848,-0.197226239
1.064,-0.650841758,-0.3275874,-1.304030771,-0.210633903,0.7814994,3.141769806,-0.200647283
1.068,-0.648573177,-0.331684548,-1.299485429,-0.207465542,0.802627669,3.267065871,-0.203156786
1.072,-0.644373909,-0.335659264,-1.291071746,-0.204213314,0.82343148,3.391912396,-0.205591299
1.076,-0.639418369,-0.339708519,-1.281142796,-0.200878534,0.843902423,3.518173026,-0.208071468
1.08,-0.635339536,-0.344165025,-1.272970419,-0.19746255,0.864032222,3.649347298,-0.210801078
1.084,-0.63087741,-0.347416175,-1.264030074,-0.193966742,0.88381274,3.768155491,-0.212792407
1.088,-0.624116843,-0.351751077,-1.250484558,-0.190392524,0.903235981,3.899017538,-0.215447535
1.092,-0.617338173,-0.354392719,-1.236902771,-0.186741341,0.922294092,4.011185441,-0.21706554
1.096,-0.61172803,-0.360480614,-1.225662252,-0.183014669,0.940979371,4.162752012,-0.220794376
1.1,-0.601949006,-0.361640031,-1.206068935,-0.179214013,0.959284263,4.257379265,-0.221504519
1.104,-0.593252328,-0.365590714,-1.188644215,-0.175340912,0.977201369,4.38427458,-0.223924312
1.108,-0.586312556,-0.369768371,-1.174739644,-0.171396929,0.994723446,4.513886532,-0.226483127
1.112,-0.573580867,-0.369509045,-1.149230348,-0.16738366,1.01184341,4.588353863,-0.22632429
1.116,-0.562698767,-0.372063729,-1.127426903,-0.163302727,1.028554341,4.69637859,-0.227889034
1.12,-0.551822013,-0.376366805,-1.105634167,-0.15915578,1.044849484,4.825958337,-0.230524668
1.124,-0.540591808,-0.378686299,-1.083133257,-0.154944494,1.060722252,4.929465087,-0.231945358
1.128,-0.528096858,-0.379855195,-1.058098293,-0.150670573,1.076166227,5.016674833,-0.232661307
1.132,-0.515446713,-0.382276671,-1.032752381,-0.146335745,1.091175167,5.119066748,-0.234144461
1.136,-0.502473381,-0.380650651,-1.006758929,-0.14194176,1.105743005,5.1653446,-0.233148524
1.14,-0.487257405,-0.387082211,-0.9762721,-0.137490397,1.119863851,5.319697811,-0.237087854
1.144,-0.473844534,-0.386358897,-0.949397985,-0.132983453,1.133531997,5.37456383,-0.236644825
1.148,-0.458059085,-0.387647515,-0.917770156,-0.128422752,1.146741919,5.455332377,-0.237434103
1.152,-0.442970211,-0.39068873,-0.88753799,-0.123810136,1.159488275,5.55924441,-0.239296847
1.156,-0.426462021,-0.39076375,-0.854462074,-0.11914747,1.171765913,5.61918916,-0.239342797
1.16,-0.409897914,-0.391358967,-0.821274122,-0.11443664,1.183569871,5.684440344,-0.239707367
1.164,-0.394710315,-0.393008903,-0.790844149,-0.109679549,1.194895375,5.763028831,-0.240717953
1.168,-0.376289986,-0.394227981,-0.753937058,-0.104878121,1.205737849,5.833361126,-0.241464638
1.172,-0.359726615,-0.394916088,-0.720750581,-0.100034296,1.216092909,5.893728227,-0.241886104
1.176,-0.340213534,-0.394988219,-0.681654046,-0.095150033,1.225956369,5.942616164,-0.241930284
1.18,-0.325107963,-0.392978255,-0.651388426,-0.090227306,1.235324242,5.957554271,-0.240699181
1.184,-0.305110976,-0.393923135,-0.611322332,-0.085268105,1.24419274,6.014751293,-0.24127792
1.188,-0.286427686,-0.394990114,-0.573888372,-0.080274435,1.25255828,6.071593552,-0.241931445
1.192,-0.271938597,-0.392239832,-0.544857937,-0.075248314,1.260417478,6.067148629,-0.240246897
1.196,-0.250267221,-0.391609433,-0.501437029,-0.070191775,1.267767159,6.092719231,-0.239860778
1.2,-0.234860717,-0.389886929,-0.470568458,-0.06510686,1.274604351,6.098634354,-0.238805744
1.204,-0.216716557,-0.387887979,-0.434214701,-0.059995627,1.280926289,6.097460318,-0.237581387
1.208,-0.197282545,-0.386529526,-0.395276588,-0.05486014,1.28673042,6.103637965,-0.236749335
1.212,-0.180596829,-0.384136946,-0.361844979,-0.049702477,1.292014395,6.090766562,-0.235283879
1.216,-0.163667869,-0.381120136,-0.327926004,-0.044524722,1.296776079,6.065203952,-0.233436084
1.22,-0.145483304,-0.378450109,-0.291491293,-0.039328967,1.301013548,6.042393118,-0.231800692
1.224,-0.127177239,-0.376531557,-0.254813142,-0.034117314,1.304725088,6.028911603,-0.230625578
1.228,-0.108831668,-0.373787076,-0.218055836,-0.02889187,1.307909199,5.999573782,-0.228944584
1.232,-0.090243583,-0.371553653,-0.180812628,-0.023654746,1.310564594,5.975833511,-0.227576612
1.236,-0.074603921,-0.366173012,-0.1494769,-0.018408059,1.312690199,5.898846536,-0.22428097
1.24,-0.055299155,-0.364333725,-0.110797745,-0.013153932,1.314285155,5.8763479,-0.223154406
1.244,-0.040866677,-0.360656435,-0.081880739,-0.007894487,1.315348817,5.821744579,-0.220902066
1.248,-0.025632661,-0.35624866,-0.051357766,-0.00263185,1.315880756,5.75291952,-0.218202304
1.252,-0.009088311,-0.352631826,-0.018209399,0.00263185,1.315880756,5.694512688,-0.215986993
1.256,0.006016441,-0.347494166,0.012054579,0.007894487,1.315348817,5.609278199,-0.212840177
1.26,0.02114668,-0.343818247,0.042369626,0.013153932,1.314285155,5.545453241,-0.210588676
1.264,0.038567227,-0.34064903,0.077273546,0.018408059,1.312690199,5.487669182,-0.208647531
1.268,0.048035728,-0.334016258,0.096244696,0.023654746,1.310564594,5.372105839,-0.204584958
1.272,0.06230101,-0.329355935,0.124826707,0.02889187,1.307909199,5.286419352,-0.20173051
1.276,0.075074235,-0.324283634,0.150419224,0.034117314,1.304725088,5.19233336,-0.198623726
1.28,0.087804263,-0.319019067,0.175925192,0.039328967,1.301013548,5.093507884,-0.195399178
1.284,0.097654031,-0.313466597,0.19566025,0.044524722,1.296776079,4.988555216,-0.191998291
1.288,0.109862709,-0.308446306,0.220121637,0.049702477,1.292014395,4.890637226,-0.188923363
1.292,0.121363183,-0.302946418,0.243164061,0.05486014,1.28673042,4.783787873,-0.185554681
1.296,0.129110568,-0.296456423,0.258686773,0.059995627,1.280926289,4.660188958,-0.181579559
1.3,0.135867053,-0.289517223,0.27222411,0.06510686,1.274604351,4.528645483,-0.177329299
1.304,0.142800324,-0.283411763,0.286115655,0.070191775,1.267767159,4.409363399,-0.173589705
1.308,0.151455153,-0.277451794,0.303456529,0.075248314,1.260417478,4.291612268,-0.169939224
1.312,0.156973303,-0.270006253,0.314512728,0.080274435,1.25255828,4.15040318,-0.16537883
1.316,0.161944258,-0.263629691,0.324472566,0.085268105,1.24419274,4.025320891,-0.161473186
1.32,0.166112476,-0.256437957,0.332824036,0.090227306,1.235324242,3.887601987,-0.157068249
1.324,0.169224769,-0.248997004,0.339059846,0.095150033,1.225956369,3.746171528,-0.152510665
1.328,0.173663638,-0.242511087,0.347953592,0.100034296,1.216092909,3.619235793,-0.148538041
1.332,0.17257484,-0.234396845,0.345772069,0.104878121,1.205737849,3.468352101,-0.143568068
1.336,0.177641132,-0.228075776,0.355922925,0.109679549,1.194895375,3.344472006,-0.139696413
1.34,0.171252578,-0.21839205,0.343122777,0.11443664,1.183569871,3.172117372,-0.13376513
1.344,0.178073785,-0.212954518,0.356789791,0.11914747,1.171765913,3.062289471,-0.130434642
1.348,0.169132979,-0.203710801,0.338875934,0.123810136,1.159488275,2.898671102,-0.124772866
1.352,0.174152445,-0.197370961,0.348932969,0.128422752,1.146741919,2.777585696,-0.120889714
1.356,0.164095027,-0.188028039,0.328781862,0.132983453,1.133531997,2.615621652,-0.115167174
1.36,0.164399638,-0.181023654,0.329392181,0.137490397,1.119863851,2.487820697,-0.110876988
1.364,0.161034856,-0.173565785,0.322650483,0.14194176,1.105743005,2.355249063,-0.106309043
1.368,0.151631449,-0.164205323,0.303809756,0.146335745,1.091175167,2.198873412,-0.10057576
1.372,0.150362525,-0.157405826,0.301267331,0.150670573,1.076166227,2.078828612,-0.096411069
1.376,0.137462592,-0.148644236,0.275420942,0.154944494,1.060722252,1.93494344,-0.091044594
1.38,0.135282128,-0.141238118,0.271052151,0.15915578,1.044849484,1.811023879,-0.086508347
1.384,0.125373658,-0.132860826,0.251199474,0.163302727,1.028554341,1.677037263,-0.081377256
1.388,0.11529444,-0.124579909,0.231004688,0.16738366,1.01184341,1.54696269,-0.076305194
1.392,0.110516763,-0.117822677,0.221432103,0.171396929,0.994723446,1.438300937,-0.07216639
1.396,0.099104357,-0.109423865,0.198566132,0.175340912,0.977201369,1.312244135,-0.067022117
1.4,0.086917848,-0.100665102,0.174149164,0.179214013,0.959284263,1.185072122,-0.061657375
1.404,0.078352579,-0.093507032,0.156987735,0.183014669,0.940979371,1.079798937,-0.057273057
1.408,0.067458217,-0.085765429,0.135159721,0.186741341,0.922294092,0.970733941,-0.052531325
1.412,0.051526035,-0.077133422,0.103237899,0.190392524,0.903235981,0.854992593,-0.047244221
1.416,0.043429196,-0.069726017,0.087015019,0.193966742,0.88381274,0.756264366,-0.042707185
1.42,0.03007433,-0.061877624,0.060257123,0.19746255,0.864032222,0.656118213,-0.037900045
1.424,0.014007629,-0.053874494,0.028065776,0.200878534,0.843902423,0.557948302,-0.032998127
1.428,0.003642449,-0.046623546,0.007298034,0.204213314,0.82343148,0.471141421,-0.028556922
1.432,-0.01068989,-0.038675246,-0.021418334,0.207465542,0.802627669,0.380948029,-0.023688588
1.436,-0.027793899,-0.030568319,-0.055688037,0.210633903,0.7814994,0.29316946,-0.018723095
1.44,-0.036674231,-0.024055065,-0.073480727,0.213717116,0.760055213,0.224372796,-0.014733727
1.444,-0.054747452,-0.016186642,-0.10969235,0.216713935,0.738303777,0.146659559,-0.009914318
1.448,-0.068419129,-0.008916987,-0.137085011,0.219623148,0.716253885,0.078379713,-0.005461655
1.452,-0.081231726,-0.00204645,-0.162756414,0.22244358,0.693914451,0.017427122,-0.001253451
1.456,-0.097866681,0.005231324,-0.196086318,0.22517409,0.671294505,-0.043096623,0.003204186
1.46,-0.111722506,0.012190195,-0.223847939,0.227813574,0.648403192,-0.09700058,0.007466495
1.464,-0.125690375,0.018950401,-0.251834051,0.230360966,0.625249764,-0.145408722,0.01160712
1.468,-0.141767244,0.025911204,-0.28404577,0.232815235,0.601843583,-0.191377002,0.015870612
1.472,-0.155297806,0.032303378,-0.311155693,0.23517539,0.578194108,-0.229213463,0.019785819
1.476,-0.169239797,0.038709211,-0.339089956,0.237440477,0.554310902,-0.263321463,0.023709392
1.48,-0.18559086,0.045429288,-0.371851052,0.239609579,0.530203617,-0.295595041,0.027825439
1.484,-0.198126039,0.051396363,-0.396966617,0.24168182,0.505882001,-0.31908041,0.031480273
1.488,-0.212805095,0.057659743,-0.42637767,0.243656362,0.481355884,-0.340610089,0.035316592
1.492,-0.22764452,0.063597698,-0.456110038,0.245532407,0.456635181,-0.356393103,0.03895359
1.496,-0.241716354,0.069597427,-0.484304457,0.247309197,0.431729885,-0.368743028,0.042628424
1.5,-0.255548841,0.075648918,-0.512019318,0.248986014,0.406650065,-0.377521849,0.046334962
1.504,-0.269926047,0.08147464,-0.54082558,0.250562179,0.381405858,-0.381354021,0.049903217
1.508,-0.283451872,0.087174239,-0.56792601,0.252037055,0.35600747,-0.380860381,0.053394221
1.512,-0.297022402,0.09274892,-0.595116012,0.253410047,0.330465167,-0.376143077,0.056808713
1.516,-0.309991192,0.09820753,-0.621100365,0.254680598,0.304789275,-0.367335576,0.060152112
1.52,-0.321669688,0.103587804,-0.644499476,0.255848196,0.278990174,-0.354663143,0.06344753
1.524,-0.333948809,0.108706526,-0.669102002,0.256912369,0.253078292,-0.337620675,0.066582747
1.528,-0.347271695,0.114018712,-0.695795822,0.257872686,0.227064105,-0.317718964,0.069836461
1.532,-0.359622621,0.119252289,-0.720542218,0.25872876,0.200958127,-0.294097154,0.073042027
1.536,-0.37241059,0.124519266,-0.746164275,0.259480243,0.174770914,-0.267069463,0.076268051
1.54,-0.383671645,0.129613862,-0.768726999,0.260126833,0.14851305,-0.236229751,0.079388491
1.544,-0.395430315,0.134711749,-0.792286746,0.260668267,0.12219515,-0.202012371,0.082510946
1.548,-0.407458796,0.139908692,-0.816387088,0.261104328,0.095827854,-0.164533744,0.085694074
1.552,-0.418720586,0.144912589,-0.838951283,0.261434839,0.069421819,-0.123458395,0.088758961
1.556,-0.430152727,0.150117184,-0.861856797,0.261659665,0.042987721,-0.079194196,0.091946775
1.56,-0.441128577,0.155246427,-0.883848081,0.261778717,0.016536246,-0.031504824,0.095088437
1.564,-0.452134826,0.160441055,-0.905900273,0.261791946,-0.009921915,0.019535724,0.098270146
1.568,-0.462820927,0.165606808,-0.927311015,0.261699347,-0.036376064,0.073928588,0.10143417
1.572,-0.473252248,0.170817808,-0.948211277,0.261500957,-0.062815508,0.131679615,0.104625908
1.576,-0.483353062,0.175967984,-0.968449333,0.261196857,-0.08922956,0.192690779,0.10778039
1.58,-0.49383113,0.181294944,-0.989443258,0.260787169,-0.115607541,0.257211498,0.111043153
1.584,-0.50369749,0.186483862,-1.00921156,0.260272059,-0.141938788,0.324833545,0.114221366
1.588,-0.512752835,0.191605356,-1.027354908,0.259651735,-0.168212657,0.395534927,0.117358281
1.592,-0.5220063,0.196690209,-1.045895211,0.258926448,-0.194418527,0.469287419,0.120472753
1.596,-0.529656403,0.201610748,-1.061223007,0.258096492,-0.220545804,0.545671162,0.123486583
1.6,-0.538713053,0.206861713,-1.079368971,0.257162201,-0.246583926,0.625984245,0.126702799
1.604,-0.546714886,0.212040318,-1.095401494,0.256123953,-0.272522368,0.709151659,0.129874694
1.608,-0.554245198,0.21708917,-1.110489278,0.254982169,-0.298350644,0.794847224,0.132967117
1.612,-0.5617745,0.222173886,-1.125575035,0.253737309,-0.324058314,0.883557266,0.136081505
1.616,-0.569130064,0.227437966,-1.140312691,0.252389877,-0.349634984,0.975879888,0.139305754
1.62,-0.575227055,0.232352775,-1.152528661,0.250940418,-0.375070316,1.069495792,0.142316075
1.624,-0.580477493,0.237017753,-1.163048473,0.249389517,-0.400354027,1.164511013,0.145173373
1.628,-0.587197462,0.242398389,-1.176512646,0.247737801,-0.425475897,1.265677951,0.148469013
1.632,-0.592928776,0.247488482,-1.187995944,0.245985939,-0.450425771,1.368033543,0.151586695
1.636,-0.597029257,0.252360841,-1.196211695,0.244134638,-0.475193562,1.471672033,0.154571015
1.64,-0.601860769,0.257620613,-1.205892144,0.242184646,-0.499769258,1.580042141,0.157792625
1.644,-0.605778639,0.262778656,-1.213742014,0.240136753,-0.524142924,1.690278777,0.160951927
1.648,-0.609094114,0.267413951,-1.220384921,0.237991786,-0.548304709,1.79938692,0.163791045
1.652,-0.612785688,0.272559742,-1.227781382,0.235750611,-0.572244843,1.91408897,0.166942842
1.656,-0.615541742,0.277469693,-1.233303429,0.233414135,-0.595953651,2.029301433,0.169950187
1.66,-0.616199423,0.281790808,-1.234621164,0.230983303,-0.619421547,2.142060112,0.17259687
1.664,-0.617828373,0.286974503,-1.237884938,0.228459097,-0.642639044,2.263231313,0.175771883
1.668,-0.61867966,0.291676465,-1.239590583,0.225842537,-0.665596758,2.382490123,0.178651835
1.672,-0.618753335,0.296300666,-1.239738198,0.223134681,-0.688285407,2.50276292,0.181484158
1.676,-0.618503687,0.300673074,-1.239238003,0.220336625,-0.71069582,2.622387234,0.184162258
1.68,-0.617058987,0.30506081,-1.236343393,0.217449498,-0.732818938,2.743478912,0.186849746
1.684,-0.617595515,0.310782992,-1.237418383,0.214474468,-0.754645817,2.878186525,0.190354583
1.688,-0.614010719,0.314468626,-1.230235863,0.211412738,-0.776167634,2.995376206,0.192612034
1.692,-0.610481315,0.318274291,-1.223164325,0.208265545,-0.797375689,3.114462256,0.194943003
1.696,-0.606753584,0.32279217,-1.21569542,0.205034162,-0.818261408,3.241407134,0.197710204
1.7,-0.603230151,0.3269857,-1.208635847,0.201719895,-0.838816349,3.366000452,0.200278741
1.704,-0.598330578,0.33072723,-1.19881903,0.198324084,-0.859032202,3.48656624,0.202570428
1.708,-0.592558531,0.335217534,-1.187254119,0.194848101,-0.878900795,3.615639377,0.20532074
1.712,-0.587484249,0.339379778,-1.177087255,0.191293351,-0.898414097,3.741804065,0.207870114
1.716,-0.580305916,0.342437035,-1.162704701,0.187661272,-0.917564219,3.855988422,0.209742684
1.72,-0.571884706,0.345963337,-1.145831909,0.183953332,-0.93634342,3.97542682,0.211902544
1.724,-0.564526915,0.349914616,-1.131089791,0.180171029,-0.954744109,4.099846468,0.214322702
1.728,-0.556935846,0.354490624,-1.115880276,0.176315894,-0.972758846,4.23183246,0.217125507
1.732,-0.545668908,0.35473912,-1.093305767,0.172389483,-0.990380351,4.31151223,0.217277711
1.736,-0.536057705,0.359961515,-1.074048699,0.168393385,-1.007601498,4.451059488,0.220476428
1.74,-0.52536936,0.36312586,-1.05263346,0.164329214,-1.024415328,4.5651155,0.22241459
1.744,-0.514966408,0.364964692,-1.031790037,0.160198614,-1.040815042,4.661685111,0.223540874
1.748,-0.50221831,0.366949331,-1.006247866,0.156003255,-1.056794012,4.758991921,0.224756466
1.752,-0.490179991,0.370015112,-0.982127811,0.151744832,-1.072345777,4.869370611,0.226634256
1.756,-0.477425021,0.368222818,-0.956571871,0.147425067,-1.087464052,4.914101582,0.225536476
1.76,-0.462737516,0.372724507,-0.92714389,0.143045705,-1.102142724,5.041320519,0.228293761
1.764,-0.449604008,0.371850769,-0.90082951,0.138608519,-1.11637586,5.094453988,0.227758596
1.768,-0.434646926,0.373490897,-0.870861402,0.1341153,-1.130157707,5.180093463,0.228763175
1.772,-0.419523236,0.376096346,-0.840559479,0.129567866,-1.143482692,5.277730784,0.230359012
1.776,-0.403300657,0.376977501,-0.808055814,0.124968055,-1.15634543,5.349602862,0.230898719
1.78,-0.386447339,0.378492434,-0.774288398,0.120317726,-1.168740721,5.428675731,0.231826616
1.784,-0.37199933,0.380500331,-0.745340272,0.115618759,-1.180663553,5.513148855,0.233056453
1.788,-0.354368608,0.38009333,-0.710015243,0.110873054,-1.192109108,5.560639981,0.232807165
1.792,-0.338032268,0.380646442,-0.677283646,0.106082529,-1.203072758,5.619946621,0.233145946
1.796,-0.318380299,0.382022969,-0.637908833,0.101249121,-1.213550071,5.689389923,0.233989069
1.8,-0.302666887,0.380160039,-0.60642534,0.096374783,-1.223536813,5.708237402,0.232848024
1.804,-0.284024936,0.381966726,-0.569074206,0.091461485,-1.233028945,5.779860114,0.23395462
1.808,-0.266961552,0.379602605,-0.534885898,0.086511216,-1.242022632,5.785983838,0.232506595
1.812,-0.248895644,0.381671584,-0.498688928,0.081525974,-1.250514236,5.857293556,0.233773845
1.816,-0.2296128,0.379540158,-0.460053696,0.076507776,-1.258500325,5.861781008,0.232468347
1.82,-0.212593148,0.378764491,-0.42595301,0.07145865,-1.265977672,5.884557714,0.231993251
1.824,-0.195435486,0.37692014,-0.391575809,0.066380637,-1.272943253,5.8881235,0.230863586
1.828,-0.175428493,0.376319954,-0.351489668,0.06127579,-1.279394253,5.908539809,0.230495972
1.832,-0.161123582,0.371737485,-0.322828255,0.056146172,-1.285328063,5.86366121,0.22768921
1.836,-0.139989945,0.371353319,-0.280484763,0.050993858,-1.290742286,5.882275635,0.227453908
1.84,-0.124683589,0.368066995,-0.249816848,0.04582093,-1.295634732,5.852318863,0.225441035
1.844,-0.103857276,0.367168043,-0.208089113,0.040629478,-1.300003423,5.857710358,0.224890426
1.848,-0.088709225,0.363522925,-0.17773838,0.035421603,-1.303846595,5.816702133,0.222657792
1.852,-0.067686194,0.36191622,-0.135616498,0.030199409,-1.307162692,5.805721711,0.221673685
1.856,-0.054304235,0.356754406,-0.108804318,0.024965006,-1.309950375,5.735122674,0.218512074
1.86,-0.032678433,0.356024001,-0.06547472,0.019720512,-1.312208516,5.733246981,0.2180647
1.864,-0.018334513,0.35240881,-0.036735149,0.014468045,-1.313936203,5.682501505,0.215850396
1.868,-0.005237527,0.34681681,-0.010493943,0.00920973,-1.315132738,5.597424587,0.212425296
1.872,0.01303246,0.343897773,0.026111921,0.003947692,-1.315797636,5.553119097,0.210637386
1.876,0.027325585,0.339081867,0.05474972,-0.001315942,-1.315930629,5.475907253,0.207687643
1.88,0.042868875,0.335942069,0.085892356,-0.006579044,-1.315531663,5.423557153,0.205764517
1.884,0.061428848,0.333251863,0.123079238,-0.011839486,-1.3146009,5.376319065,0.204116766
1.888,0.070238472,0.326796426,0.140730259,-0.017095142,-1.313138715,5.266310083,0.200162811
1.892,0.088019436,0.323361934,0.176356314,-0.022343888,-1.3111457,5.203054468,0.198059185
1.896,0.096269489,0.316752756,0.192886173,-0.027583601,-1.308622661,5.08690189,0.194011063
1.9,0.113544086,0.313768159,0.227497668,-0.032812164,-1.305570616,5.027218477,0.192182997
1.904,0.119532494,0.306397527,0.239496081,-0.038027462,-1.301990801,4.895665029,0.187668485
1.908,0.135793183,0.303381352,0.272076104,-0.043227388,-1.297884662,4.832184475,0.185821078
1.912,0.141580562,0.295975083,0.283671734,-0.04840984,-1.29325386,4.697399069,0.181284738
1.916,0.154385197,0.29135368,0.309327184,-0.053572722,-1.288100265,4.605626343,0.178454129
1.92,0.161077547,0.285126568,0.32273602,-0.058713948,-1.282425962,4.487335189,0.174640023
1.924,0.170991353,0.279598738,0.342599385,-0.063831439,-1.276233244,4.37908911,0.171254227
1.928,0.176539771,0.272974902,0.35371623,-0.068923126,-1.269524614,4.252872553,0.167197128
1.932,0.183448329,0.266353451,0.367558263,-0.073986951,-1.262302785,4.126106111,0.163141489
1.936,0.188300293,0.259838004,0.37727969,-0.079020868,-1.254570677,4.0005189,0.159150777
1.94,0.193498482,0.253442936,0.387694815,-0.084022841,-1.246331413,3.876432769,0.155233799
1.944,0.196493838,0.246151686,0.393696329,-0.088990847,-1.237588326,3.738501347,0.150767907
1.948,0.201765792,0.240004262,0.404259251,-0.09392288,-1.22834495,3.617910523,0.14700261
1.952,0.199301635,0.231627846,0.399322049,-0.098816945,-1.218605021,3.463955105,0.141872056
1.956,0.207021731,0.22639126,0.414790083,-0.103671063,-1.208372476,3.357213834,0.138664647
1.96,0.201364477,0.217065677,0.403455174,-0.108483273,-1.197651452,3.190363188,0.132952727
1.964,0.208690186,0.211943459,0.418133012,-0.11325163,-1.186446284,3.085933915,0.129815369
1.968,0.199545514,0.20281135,0.399810687,-0.117974204,-1.1747615,2.923886329,0.124221952
1.972,0.205205105,0.196851264,0.41115028,-0.122649088,-1.162601824,2.808586021,0.120571399
1.976,0.195044532,0.187694241,0.390792491,-0.127274392,-1.149972171,2.648846556,0.114962723
1.98,0.198823508,0.181685376,0.398364072,-0.131848246,-1.136877648,2.534849757,0.111282293
1.984,0.19059948,0.173333189,0.381886356,-0.136368801,-1.123323547,2.389489429,0.106166578
1.988,0.184161557,0.164878363,0.36898729,-0.140834229,-1.109315348,2.244590968,0.100987997
1.992,0.181603717,0.15801139,0.363862385,-0.145242725,-1.094858713,2.123073328,0.096781976
1.996,0.169700042,0.149586479,0.340012106,-0.149592508,-1.079959487,1.982523415,0.091621718
2,0.167521452,0.142274102,0.335647069,-0.153881819,-1.064623692,1.85883355,0.087142887
2.004,0.159769079,0.134679075,0.320114365,-0.158108924,-1.048857528,1.733545115,0.082490934
2.008,0.15040272,0.126692063,0.301347866,-0.162272114,-1.032667368,1.605566819,0.077598889
2.012,0.140787265,0.11924296,0.282082279,-0.166369706,-1.016059756,1.486861521,0.073036313
2.016,0.131242743,0.111053578,0.262958812,-0.170400044,-0.999041408,1.361553049,0.068020316
2.02,0.119508416,0.102837312,0.239447838,-0.174361499,-0.981619202,1.238831623,0.062987853
2.024,0.111459608,0.095976279,0.223321194,-0.178252469,-0.96380018,1.135192295,0.058785471
2.028,0.098295585,0.087761227,0.196945672,-0.182071381,-0.945591547,1.018415012,0.053753752
2.032,0.086833459,0.080027614,0.173980081,-0.185816692,-0.927000663,0.910412966,0.049016913
2.036,0.077559147,0.072714941,0.155398009,-0.189486887,-0.908035043,0.810298042,0.044537901
2.04,0.059208064,0.06418194,0.118629661,-0.193080483,-0.888702354,0.699983326,0.039311438
2.044,0.047915536,0.05711302,0.096003879,-0.196596027,-0.869010411,0.609086014,0.034981725
2.048,0.036610278,0.04981322,0.07335259,-0.200032098,-0.848967175,0.518984087,0.030510598
2.052,0.017750032,0.041191765,0.03556408,-0.203387306,-0.828580748,0.418855058,0.025229956
2.056,0.007022497,0.034298515,0.014070321,-0.206660297,-0.807859371,0.340039689,0.021007841
2.06,-0.01013877,0.026723505,-0.020314106,-0.209849746,-0.78681142,0.258037362,0.016368147
2.064,-0.024414325,0.019322887,-0.048916701,-0.212954364,-0.765445405,0.181511757,0.011835268
2.068,-0.03792008,0.012312314,-0.075976919,-0.215972897,-0.743769962,0.112382023,0.007541292
2.072,-0.054955958,0.00492596,-0.110110115,-0.218904123,-0.721793853,0.043633755,0.003017151
2.076,-0.069497271,-0.002108306,-0.139245184,-0.221746858,-0.699525962,-0.018099063,-0.001291338
2.08,-0.084241479,-0.009096747,-0.168786774,-0.224499954,-0.676975292,-0.07557488,-0.005571758
2.084,-0.102150834,-0.016242263,-0.204670074,-0.227162296,-0.654150957,-0.130389627,-0.009948386
2.088,-0.114004863,-0.022499001,-0.228420884,-0.229732809,-0.631062184,-0.174242426,-0.013780638
2.092,-0.129994476,-0.02925949,-0.260457776,-0.232210453,-0.607718308,-0.218216502,-0.017921437
2.096,-0.147567224,-0.036210606,-0.295666649,-0.234594228,-0.584128764,-0.259575031,-0.022178996
2.1,-0.161441654,-0.042455382,-0.323465546,-0.236883168,-0.560303089,-0.291927016,-0.026003921
2.104,-0.177641484,-0.048759241,-0.35592363,-0.23907635,-0.536250914,-0.320880632,-0.029865035
2.108,-0.192151157,-0.054944023,-0.384995306,-0.241172887,-0.511981962,-0.345218166,-0.033653214
2.112,-0.208258459,-0.061390127,-0.417268001,-0.24317193,-0.487506044,-0.367279815,-0.037601453
2.116,-0.223850121,-0.067546329,-0.448507556,-0.245072672,-0.462833054,-0.383658336,-0.041372126
2.12,-0.238883352,-0.073534808,-0.478628235,-0.246874345,-0.437972966,-0.395238086,-0.04504007
2.124,-0.254777376,-0.079501846,-0.510473605,-0.24857622,-0.412935829,-0.402882406,-0.048694881
2.128,-0.266976581,-0.085147761,-0.53491601,-0.250177609,-0.387731764,-0.405156806,-0.052153004
2.132,-0.281379032,-0.090763656,-0.563772856,-0.251677865,-0.362370961,-0.403630423,-0.055592739
2.136,-0.296608683,-0.096292066,-0.594287083,-0.253076381,-0.336863671,-0.398073444,-0.058978891
2.14,-0.311113516,-0.101939123,-0.62334906,-0.254372593,-0.311220206,-0.389338364,-0.062437713
2.144,-0.324741802,-0.107405199,-0.650654782,-0.255565975,-0.285450931,-0.376248943,-0.065785684
2.148,-0.339035596,-0.112878464,-0.679293921,-0.256656046,-0.259566264,-0.359565371,-0.069138059
2.152,-0.352585627,-0.118270739,-0.706442851,-0.257642366,-0.233576668,-0.339019979,-0.072440828
2.156,-0.366221251,-0.123663795,-0.733763275,-0.258524534,-0.20749265,-0.314893583,-0.075744074
2.16,-0.379569403,-0.129029377,-0.760507719,-0.259302195,-0.181324755,-0.287120514,-0.079030494
2.164,-0.392188815,-0.134212979,-0.785792055,-0.259975034,-0.155083559,-0.255434056,-0.08220545
2.168,-0.404631504,-0.139379275,-0.810722307,-0.26054278,-0.128779672,-0.220274406,-0.085369806
2.172,-0.41722472,-0.144643705,-0.835954157,-0.261005202,-0.102423726,-0.181810361,-0.088594269
2.176,-0.429340875,-0.149925872,-0.860230165,-0.261362114,-0.076026376,-0.139881215,-0.091829597
2.18,-0.441519467,-0.155154658,-0.884631271,-0.261613372,-0.049598292,-0.094438714,-0.095032228
2.184,-0.453606908,-0.160444198,-0.908849746,-0.261758874,-0.023150159,-0.04558233,-0.098272071
2.188,-0.465409543,-0.165691814,-0.932497582,-0.261798561,0.003307333,0.00672508,-0.101486236
2.192,-0.477164779,-0.171026601,-0.95605045,-0.261732417,0.029763487,0.062469209,-0.104753793
2.196,-0.488565478,-0.176269093,-0.978892963,-0.261560469,0.05620761,0.121587748,-0.107964819
2.2,-0.499876525,-0.181538012,-1.001555851,-0.261282787,0.082629012,0.184085108,-0.111192032
2.204,-0.510667782,-0.186770389,-1.023177284,-0.260899482,0.109017011,0.249873854,-0.114396863
2.208,-0.521254065,-0.192023902,-1.044388029,-0.260410709,0.13536094,0.318982733,-0.11761464
2.212,-0.531923311,-0.197396802,-1.065764998,-0.259816667,0.16165015,0.391592844,-0.120905541
2.216,-0.541823514,-0.202531508,-1.08560111,-0.259117595,0.187874014,0.466958014,-0.124050548
2.22,-0.550868312,-0.20757534,-1.103723325,-0.258313776,0.214021931,0.545195871,-0.127139895
2.224,-0.559946668,-0.21263843,-1.121912778,-0.257405535,0.24008333,0.626501748,-0.130241038
2.228,-0.569361169,-0.218029439,-1.140775735,-0.256393239,0.266047677,0.711857611,-0.133543032
2.232,-0.578375439,-0.223349603,-1.158836783,-0.255277297,0.291904475,0.800100351,-0.136801632
2.236,-0.585991801,-0.228446151,-1.174096977,-0.25405816,0.317643272,0.890516621,-0.139923267
2.24,-0.593579714,-0.23351507,-1.189300168,-0.252736322,0.343253664,0.983668169,-0.14302798
2.244,-0.601522876,-0.238683128,-1.20521514,-0.251312316,0.368725296,1.080048299,-0.146193416
2.248,-0.608638326,-0.244032835,-1.219471701,-0.249786718,0.394047874,1.180091758,-0.149470112
2.252,-0.61512814,-0.249065918,-1.232474735,-0.248160146,0.419211159,1.281343765,-0.152552875
2.256,-0.621903606,-0.254470506,-1.246050102,-0.246433255,0.44420498,1.387201018,-0.155863185
2.26,-0.62557185,-0.25891394,-1.25339982,-0.244606745,0.469019233,1.490268801,-0.158584789
2.264,-0.631683731,-0.264245122,-1.265645624,-0.242681354,0.493643887,1.600808074,-0.161850137
2.268,-0.637110524,-0.269513872,-1.276518782,-0.24065786,0.518068988,1.713512363,-0.165077246
2.272,-0.640228079,-0.274148179,-1.282765136,-0.238537081,0.542284662,1.824446827,-0.16791576
2.276,-0.643502621,-0.278929966,-1.289326028,-0.236319875,0.56628112,1.938410613,-0.170844604
2.28,-0.647692461,-0.284625995,-1.297720819,-0.234007138,0.590048662,2.061013875,-0.174333422
2.284,-0.649868095,-0.289147331,-1.302079933,-0.231599804,0.613577679,2.177244804,-0.17710274
2.288,-0.653082909,-0.294428614,-1.308521156,-0.229098847,0.63685866,2.301132339,-0.180337526
2.292,-0.654027883,-0.299058171,-1.310414513,-0.226505278,0.659882194,2.421812994,-0.18317313
2.296,-0.65428535,-0.303433387,-1.310930375,-0.223820145,0.682638973,2.541984908,-0.18585295
2.3,-0.654904547,-0.308180912,-1.312171003,-0.221044534,0.705119799,2.66677987,-0.188760808
2.304,-0.654516606,-0.313162736,-1.311393721,-0.218179567,0.727315584,2.795191034,-0.191812176
2.308,-0.653753868,-0.317427768,-1.309865493,-0.215226401,0.749217354,2.91857775,-0.194424508
2.312,-0.651893867,-0.321734595,-1.306138784,-0.212186232,0.770816257,3.043456866,-0.19706244
2.316,-0.651080156,-0.327219607,-1.304508426,-0.209060287,0.792103561,3.180825233,-0.200422009
2.32,-0.64775478,-0.330746979,-1.297845682,-0.20584983,0.813070661,3.300218534,-0.202582524
2.324,-0.642911395,-0.334699579,-1.288141445,-0.20255616,0.833709081,3.424429427,-0.205003492
2.328,-0.639356142,-0.339796777,-1.281018117,-0.199180607,0.854010477,3.561237818,-0.208125526
2.332,-0.635036493,-0.343538863,-1.272363239,-0.195724536,0.873966644,3.684590724,-0.210417553
2.336,-0.62825972,-0.346586064,-1.258785253,-0.192189345,0.893569514,3.800650745,-0.212283964
2.34,-0.622656347,-0.351377376,-1.247558298,-0.188576462,0.912811163,3.936164683,-0.215218643
2.344,-0.616745802,-0.355230815,-1.235715892,-0.184887348,0.931683812,4.061605183,-0.217578874
2.348,-0.607904135,-0.357974627,-1.21800067,-0.181123493,0.950179832,4.174231934,-0.219259459
2.352,-0.599768278,-0.361855606,-1.201699616,-0.177286421,0.968291746,4.299916856,-0.221636559
2.356,-0.593269769,-0.368145779,-1.18867916,-0.173377681,0.986012232,4.454722452,-0.225489289
2.36,-0.581188448,-0.366587092,-1.164472947,-0.169398855,1.003334128,4.513789239,-0.224534594
2.364,-0.570170866,-0.370403176,-1.142398049,-0.165351549,1.020250431,4.637671809,-0.226871945
2.368,-0.559743993,-0.372646494,-1.121506698,-0.161237401,1.036754302,4.741234211,-0.228245978
2.372,-0.548690301,-0.375791603,-1.099359449,-0.157058074,1.05283907,4.855428779,-0.230172357
2.376,-0.537191907,-0.376948907,-1.076321192,-0.152815256,1.068498233,4.942820273,-0.230881205
2.38,-0.523484513,-0.38077202,-1.048856969,-0.148510664,1.08372546,5.064106462,-0.233222862
2.384,-0.512594774,-0.379824275,-1.027038217,-0.144146036,1.098514596,5.120437542,-0.232642369
2.388,-0.49577346,-0.380873316,-0.993334922,-0.139723139,1.112859663,5.201630179,-0.233284906
2.392,-0.482724181,-0.385438076,-0.967189303,-0.135243759,1.126754861,5.329697719,-0.236080821
2.396,-0.467608879,-0.384649978,-0.936904185,-0.130709707,1.140194574,5.382241806,-0.235598112
2.4,-0.450865034,-0.38757917,-0.90335611,-0.126122817,1.153173369,5.484961146,-0.237392241
2.404,-0.436617187,-0.38935792,-0.87480903,-0.121484942,1.165685998,5.569922035,-0.238481726
2.408,-0.419252664,-0.389230194,-0.84001736,-0.116797957,1.177727405,5.625612666,-0.238403494
2.412,-0.404644199,-0.388953939,-0.810747743,-0.112063758,1.18929272,5.67682436,-0.238234287
2.416,-0.386894163,-0.389578122,-0.775183657,-0.107284257,1.20037727,5.738928927,-0.2386166
2.42,-0.369145789,-0.3903412,-0.739622899,-0.102461386,1.210976572,5.800943795,-0.239083985
2.424,-0.351168739,-0.39072384,-0.703603965,-0.097597097,1.221086343,5.85510662,-0.239318352
2.428,-0.334680514,-0.390068365,-0.67056805,-0.092693354,1.230702495,5.891316223,-0.238916874
2.432,-0.314579486,-0.391692343,-0.6302935,-0.08775214,1.239821142,5.9596759,-0.23991156
2.436,-0.298119968,-0.38905218,-0.597315103,-0.082775453,1.248438596,5.960649194,-0.23829446
2.44,-0.278314906,-0.391395763,-0.557633553,-0.077765304,1.256551375,6.035522771,-0.239729905
2.444,-0.262968475,-0.387598277,-0.526885343,-0.072723719,1.264156199,6.01313702,-0.237403945
2.448,-0.241663125,-0.387872268,-0.484197805,-0.067652736,1.271249994,6.051154148,-0.237571764
2.452,-0.228762965,-0.38405424,-0.458350962,-0.062554404,1.277829891,6.022601535,-0.235233222
2.456,-0.205329008,-0.384054058,-0.411398534,-0.057430786,1.283893232,6.051176088,-0.235233111
2.46,-0.19218952,-0.379279194,-0.385072169,-0.052283951,1.289437565,6.001749436,-0.232308506
2.464,-0.171123961,-0.377632402,-0.342865078,-0.04711598,1.294460649,5.998969122,-0.231299846
2.468,-0.155623215,-0.374548742,-0.311807685,-0.041928963,1.298960453,5.970666242,-0.229411104
2.472,-0.134858596,-0.373274199,-0.270203559,-0.036724997,1.302935158,5.968556344,-0.228630447
2.476,-0.120600463,-0.369087761,-0.241635871,-0.031506184,1.306383158,5.917233942,-0.226066253
2.48,-0.097759688,-0.368251015,-0.195871946,-0.026274636,1.309303058,5.917014833,-0.225553747
2.484,-0.086150307,-0.362565227,-0.172611314,-0.021032465,1.311693679,5.836293154,-0.222071202
2.488,-0.063343556,-0.361793868,-0.12691556,-0.015781793,1.313554053,5.832136425,-0.221598744
2.492,-0.052280739,-0.35601778,-0.104750027,-0.010524741,1.31488343,5.744833733,-0.218060891
2.496,-0.035185566,-0.352183817,-0.070498028,-0.005263434,1.315681271,5.686415784,-0.215712588
2.5,-0.019836942,-0.347694178,-0.039745425,-1.28E-16,1.315947253,5.615060286,-0.212962684
2.504,-0.001044255,-0.344906144,-0.002092275,0.005263434,1.315681271,5.568909326,-0.211255013
2.508,0.007827228,-0.338106709,0.015682684,0.010524741,1.31488343,5.4558141,-0.207090359
2.512,0.029094993,-0.336124554,0.058294918,0.015781793,1.313554053,5.418345703,-0.205876289
2.516,0.036622853,-0.329178114,0.073377787,0.021032465,1.311693679,5.298853363,-0.201621595
2.52,0.055903362,-0.326626885,0.112008339,0.026274636,1.309303058,5.248203121,-0.200058967
2.524,0.062311677,-0.31888445,0.12484808,0.031506184,1.306383158,5.112371888,-0.195316726
2.528,0.078868622,-0.315692396,0.158021683,0.036724997,1.302935158,5.047838455,-0.193361593
2.532,0.088718062,-0.309525893,0.177756085,0.041928963,1.298960453,4.934139654,-0.189584609
2.536,0.100562182,-0.304414485,0.201487041,0.04711598,1.294460649,4.835848528,-0.186453872
2.54,0.107758816,-0.298123818,0.215906264,0.052283951,1.289437565,4.71753919,-0.182600839
2.544,0.118075408,-0.291725723,0.236576655,0.057430786,1.283893232,4.596445944,-0.178682005
2.548,0.126487956,-0.286009031,0.253432089,0.062554404,1.277829891,4.485091557,-0.175180532
2.552,0.133882041,-0.279700752,0.268246927,0.067652736,1.271249994,4.363581787,-0.17131671
2.556,0.140923938,-0.273191166,0.282356118,0.072723719,1.264156199,4.238243588,-0.167329589
2.56,0.146751425,-0.266649616,0.294032109,0.077765304,1.256551375,4.111873408,-0.16332289
2.564,0.150021983,-0.258730504,0.30058502,0.082775453,1.248438596,3.963997255,-0.158472434
2.568,0.158901625,-0.253309554,0.318376327,0.08775214,1.239821142,3.854154594,-0.155152102
2.572,0.156294556,-0.244745058,0.313152787,0.092693354,1.230702495,3.696455952,-0.149906348
2.576,0.166229269,-0.239138574,0.333058042,0.097597097,1.221086343,3.583558778,-0.146472377
2.58,0.159114941,-0.229900619,0.318803729,0.102461386,1.210976572,3.416602116,-0.140814129
2.584,0.16973001,-0.225182294,0.34007215,0.107284257,1.20037727,3.317191358,-0.137924155
2.588,0.162396567,-0.215479364,0.325378817,0.112063758,1.18929272,3.144944371,-0.13198111
2.592,0.16756459,-0.209503819,0.3357335,0.116797957,1.177727405,3.027995664,-0.128321089
2.596,0.164163693,-0.201825081,0.328919441,0.121484942,1.165685998,2.887189161,-0.123617862
2.6,0.160623755,-0.193530552,0.321826797,0.126122817,1.153173369,2.738814776,-0.118537463
2.604,0.162555178,-0.186786276,0.32569661,0.130709707,1.140194574,2.613620066,-0.114406594
2.608,0.151041986,-0.177480579,0.302628705,0.135243759,1.126754861,2.454136991,-0.108706855
2.612,0.155182068,-0.171791585,0.310923798,0.139723139,1.112859663,2.346177203,-0.105222346
2.616,0.142103476,-0.161804194,0.284719448,0.144146036,1.098514596,2.18129362,-0.099105069
2.62,0.141618884,-0.155059207,0.283748516,0.148510664,1.08372546,2.062221732,-0.094973765
2.624,0.132594671,-0.147319115,0.265667544,0.152815256,1.068498233,1.931752274,-0.090232958
2.628,0.124578578,-0.139265879,0.249606447,0.157058074,1.05283907,1.799389749,-0.085300351
2.632,0.120629961,-0.131608798,0.241694972,0.161237401,1.036754302,1.674477402,-0.080610389
2.636,0.108033874,-0.122970732,0.216457372,0.165351549,1.020250431,1.53966794,-0.075319573
2.64,0.101856171,-0.115811372,0.204079685,0.169398855,1.003334128,1.42598618,-0.070934466
2.644,0.091612219,-0.108411557,0.183554836,0.173377681,0.986012232,1.311826526,-0.066402079
2.648,0.08064823,-0.099717949,0.161587316,0.177286421,0.968291746,1.184944717,-0.061077244
2.652,0.071782915,-0.092374421,0.143824715,0.181123493,0.950179832,1.07714969,-0.056579333
2.656,0.062715774,-0.085182082,0.125657732,0.184887348,0.931683812,0.973946997,-0.052174025
2.66,0.046619493,-0.076714673,0.093407118,0.188576462,0.912811163,0.859365475,-0.046987737
2.664,0.037072373,-0.069059566,0.074278448,0.192189345,0.893569514,0.757304804,-0.042298984
2.668,0.026806231,-0.061854465,0.053709138,0.195724536,0.873966644,0.663413703,-0.03788586
2.672,0.008830703,-0.053492354,0.017693253,0.199180607,0.854010477,0.560626253,-0.032764067
2.676,-0.000829089,-0.046668418,-0.001661169,0.20255616,0.833709081,0.477481047,-0.028584406
2.68,-0.012616488,-0.03934366,-0.025278478,0.20584983,0.813070661,0.392574031,-0.024097991
2.684,-0.030887947,-0.030898105,-0.06188729,0.209060287,0.792103561,0.300353244,-0.018925089
2.688,-0.040607505,-0.024263902,-0.081361461,0.212186232,0.770816257,0.229525018,-0.01486164
2.692,-0.056312077,-0.016958912,-0.112827243,0.215226401,0.749217354,0.155928081,-0.010387333
2.696,-0.071321079,-0.00957879,-0.142899377,0.218179567,0.727315584,0.085497237,-0.005867009
2.7,-0.084061358,-0.002736241,-0.168425883,0.221044534,0.705119799,0.023677493,-0.001675947
2.704,-0.098375288,0.004124778,-0.197105366,0.223820145,0.682638973,-0.034554941,0.002526426
2.708,-0.113051831,0.010982581,-0.226511383,0.226505278,0.659882194,-0.08893841,0.006726831
2.712,-0.127499335,0.017828186,-0.255458496,0.229098847,0.63685866,-0.139337734,0.010919764
2.716,-0.139932804,0.024181437,-0.280370274,0.231599804,0.613577679,-0.182083325,0.01481113
2.72,-0.156231944,0.030983008,-0.313027338,0.234007138,0.590048662,-0.22435199,0.018977092
2.724,-0.170004836,0.03732103,-0.340622793,0.236319875,0.56628112,-0.259360736,0.022859131
2.728,-0.182871542,0.043437496,-0.366402609,0.238537081,0.542284662,-0.289075062,0.026605466
2.732,-0.19885384,0.049868685,-0.398424845,0.24065786,0.518068988,-0.317054586,0.03054457
2.736,-0.211188636,0.055709618,-0.423138922,0.242681354,0.493643887,-0.33749121,0.034122141
2.74,-0.226761782,0.061722614,-0.454341378,0.244606745,0.469019233,-0.355265869,0.037805101
2.744,-0.238854179,0.067380979,-0.478569784,0.246433255,0.44420498,-0.367315506,0.04127085
2.748,-0.252689093,0.073353198,-0.506289508,0.248160146,0.419211159,-0.377372638,0.044928834
2.752,-0.267057927,0.079170457,-0.535078995,0.249786718,0.394047874,-0.382851772,0.048491905
2.756,-0.280373756,0.084856876,-0.561758679,0.251312316,0.368725296,-0.383979902,0.051974836
2.76,-0.293879489,0.090378968,-0.588818853,0.252736322,0.343253664,-0.380715959,0.055357118
2.764,-0.30626866,0.095588706,-0.613641876,0.25405816,0.317643272,-0.372618803,0.058548082
2.768,-0.318726334,0.101014567,-0.638602152,0.255277297,0.291904475,-0.361862254,0.061871422
2.772,-0.329435793,0.106129756,-0.660059693,0.256393239,0.266047677,-0.346509511,0.065004476
2.776,-0.342684308,0.111318567,-0.686604505,0.257405535,0.24008333,-0.327980586,0.068182622
2.78,-0.355030915,0.116444104,-0.711342245,0.258313776,0.214021931,-0.305840013,0.071322014
2.784,-0.367534809,0.121673511,-0.736395128,0.259117595,0.187874014,-0.280531271,0.074525026
2.788,-0.379178268,0.126791151,-0.75972404,0.259816667,0.16165015,-0.251526404,0.07765958
2.792,-0.390709406,0.131839192,-0.782827901,0.260410709,0.13536094,-0.219006203,0.080751505
2.796,-0.401902796,0.136856866,-0.80525505,0.260899482,0.109017011,-0.183096222,0.083824831
2.8,-0.413595468,0.141939215,-0.828682564,0.261282787,0.082629012,-0.143930715,0.086937769
2.804,-0.424702361,0.14702831,-0.850936407,0.261560469,0.05620761,-0.101417899,0.09005484
2.808,-0.435621985,0.152133769,-0.872815038,0.261732417,0.029763487,-0.055568409,0.093181934
2.812,-0.446487478,0.157270725,-0.89458521,0.261798561,0.003307333,-0.006383286,0.096328319
2.816,-0.457143744,0.162427664,-0.915936174,0.261758874,-0.023150159,0.046145834,0.099486944
2.82,-0.467326154,0.167515505,-0.936337716,0.261613372,-0.049598292,0.101962449,0.102603247
2.824,-0.47743792,0.172671332,-0.956597716,0.261362114,-0.076026376,0.161102786,0.105761191
2.828,-0.487598099,0.177823437,-0.976954717,0.261005202,-0.102423726,0.223515731,0.108916855
2.832,-0.497102098,0.182910038,-0.995996991,0.26054278,-0.128779672,0.289070236,0.112032398
2.836,-0.506472762,0.188107075,-1.014772113,0.259975034,-0.155083559,0.358005264,0.115215583
2.84,-0.515408403,0.193039664,-1.032675623,0.259302195,-0.181324755,0.429558358,0.118236794
2.844,-0.524004008,0.198077166,-1.049897833,0.258524534,-0.20749265,0.504377441,0.121322264
2.848,-0.531594403,0.203006172,-1.065105996,0.257642366,-0.233576668,0.581911881,0.12434128
2.852,-0.539838162,0.208076783,-1.081623245,0.256656046,-0.259566264,0.662812046,0.127447029
2.856,-0.547355999,0.213058775,-1.096686033,0.255565975,-0.285450931,0.746361815,0.1304985
2.86,-0.554652335,0.218064668,-1.111305019,0.254372593,-0.311220206,0.832859249,0.133564609
2.864,-0.561634686,0.223097256,-1.125294903,0.253076381,-0.336863671,0.922288786,0.136647069
2.868,-0.568667012,0.228280563,-1.139384917,0.251677865,-0.362370961,1.015174841,0.139821845
2.872,-0.57301639,0.232737322,-1.148099359,0.250177609,-0.387731764,1.107429115,0.14255161
2.876,-0.580089129,0.238103916,-1.162270344,0.24857622,-0.412935829,1.206611963,0.145838648
2.88,-0.585182726,0.242815549,-1.172475908,0.246874345,-0.437972966,1.305095586,0.148724524
2.884,-0.590156023,0.247928721,-1.182440439,0.245072672,-0.462833054,1.408217477,0.151856341
2.888,-0.59489954,0.253051993,-1.19194458,0.24317193,-0.487506044,1.513938694,0.154994345
2.892,-0.598449866,0.257837096,-1.199058037,0.241172887,-0.511981962,1.62001332,0.157925221
2.896,-0.602741794,0.263100576,-1.207657371,0.23907635,-0.536250914,1.731443673,0.161149103
2.9,-0.605530055,0.267882813,-1.213243949,0.236883168,-0.560303089,1.841986281,0.164078223
2.904,-0.609449681,0.273047818,-1.221097337,0.234594228,-0.584128764,1.957337995,0.167241789
2.908,-0.61073298,0.277797531,-1.223668564,0.232210453,-0.607718308,2.07180666,0.170150988
2.912,-0.612163723,0.282554995,-1.22653521,0.229732809,-0.631062184,2.188233533,0.173064935
2.916,-0.613182229,0.287288915,-1.228575895,0.227162296,-0.654150957,2.30629774,0.175964461
2.92,-0.613441186,0.291952241,-1.229094742,0.224499954,-0.676975292,2.425510473,0.178820748
2.924,-0.614555398,0.296963965,-1.231327185,0.221746858,-0.699525962,2.549330336,0.181890429
2.928,-0.612736669,0.301155797,-1.227683168,0.218904123,-0.721793853,2.667613643,0.184457926
2.932,-0.612952522,0.306455235,-1.228115652,0.215972897,-0.743769962,2.797204397,0.187703831
2.936,-0.612748068,0.311444447,-1.227706007,0.212954364,-0.765445405,2.925589144,0.190759724
2.94,-0.606939284,0.314673995,-1.216067489,0.209849746,-0.78681142,3.038435576,0.192737822
2.944,-0.60410532,0.31928381,-1.210389341,0.206660297,-0.807859371,3.165418877,0.195561334
2.948,-0.599957914,0.323351179,-1.202079571,0.203387306,-0.828580748,3.287969726,0.198052597
2.952,-0.597188138,0.327559076,-1.196530031,0.200032098,-0.848967175,3.412707444,0.200629934
2.956,-0.591010268,0.331949322,-1.184152009,0.196596027,-0.869010411,3.540098034,0.20331896
2.96,-0.585248268,0.33548046,-1.172607229,0.193080483,-0.888702354,3.658828758,0.205481782
2.964,-0.580145252,0.339972604,-1.162382792,0.189486887,-0.908035043,3.788480478,0.20823322
2.968,-0.571156213,0.34283156,-1.144372296,0.185816692,-0.927000663,3.90013251,0.209984331
2.972,-0.564139857,0.347110712,-1.130314279,0.182071381,-0.945591547,4.028006112,0.212605311
2.976,-0.558221014,0.352086778,-1.118455248,0.178252469,-0.96380018,4.164426895,0.215653152
2.98,-0.545441299,0.352241978,-1.092849727,0.174361499,-0.981619202,4.243289659,0.215748211
2.984,-0.537344269,0.358411911,-1.076626466,0.170400044,-0.999041408,4.394246814,0.219527296
2.988,-0.526565966,0.36000263,-1.055030987,0.166369706,-1.016059756,4.488936346,0.220501611
2.992,-0.515731144,0.363745159,-1.033322269,0.162272114,-1.032667368,4.609737534,0.22279391
2.996,-0.50540611,0.364741275,-1.012634964,0.158108924,-1.048857528,4.694830682,0.223404031
3,-0.491889902,0.367941424,-0.985553802,0.153881819,-1.064623692,4.807212661,0.225364122
3.004,-0.480113447,0.368686838,-0.961958419,0.149592508,-1.079959487,4.886339298,0.225820688
3.008,-0.464789771,0.369144024,-0.931255803,0.145242725,-1.094858713,4.959894562,0.226100715
3.012,-0.452425996,0.371946823,-0.906483663,0.140834229,-1.109315348,5.06354179,0.227817429
3.016,-0.437360317,0.371576809,-0.876297971,0.136368801,-1.123323547,5.12238228,0.227590795
3.02,-0.421281059,0.374932415,-0.844081465,0.131848246,-1.136877648,5.231006264,0.229646104
3.024,-0.407391698,0.376539494,-0.816252651,0.127274392,-1.149972171,5.313936852,0.23063044
3.028,-0.389957226,0.37785069,-0.78132083,0.122649088,-1.162601824,5.391005105,0.231433548
3.032,-0.376073888,0.376389539,-0.753504083,0.117974204,-1.1747615,5.426324637,0.230538592
3.036,-0.357637154,0.380171048,-0.716564124,0.11325163,-1.186446284,5.535357107,0.232854767
3.04,-0.340790645,0.379851647,-0.682810349,0.108483273,-1.197651452,5.582940289,0.232659134
3.044,-0.322373406,0.381127865,-0.645909448,0.103671063,-1.208372476,5.651842489,0.233440817
3.048,-0.305839865,0.380972282,-0.612782739,0.098816945,-1.218605021,5.697375786,0.233345523
3.052,-0.287977977,0.381157698,-0.576994544,0.09392288,-1.22834495,5.745708163,0.23345909
3.056,-0.271143471,0.3789218,-0.54326482,0.088990847,-1.237588326,5.754986627,0.232089602
3.06,-0.250671915,0.382186403,-0.502247877,0.084022841,-1.246331413,5.84557581,0.234089172
3.064,-0.236346832,0.377862839,-0.473546047,0.079020868,-1.254570677,5.817653338,0.231440989
3.068,-0.213315232,0.380241681,-0.427399784,0.073986951,-1.262302785,5.890359274,0.232898029
3.072,-0.199283264,0.377080616,-0.399285242,0.068923126,-1.269524614,5.874810426,0.230961877
3.076,-0.177754507,0.37707234,-0.356150083,0.063831439,-1.276233244,5.905725442,0.230956808
3.08,-0.163857632,0.3732556,-0.328306215,0.058713948,-1.282425962,5.874313991,0.228619055
3.084,-0.143609669,0.371902464,-0.287737266,0.053572722,-1.288100265,5.87891592,0.227790259
3.088,-0.12710757,0.369078989,-0.254673553,0.04840984,-1.29325386,5.857625851,0.226060881
3.092,-0.108193536,0.367547224,-0.216777271,0.043227388,-1.297884662,5.854202894,0.225122675
3.096,-0.091791266,0.364157961,-0.183913576,0.038027462,-1.301990801,5.818569797,0.223046751
3.1,-0.07050773,0.362668142,-0.141269747,0.032812164,-1.305570616,5.810697905,0.222134237
3.104,-0.052212673,0.360625461,-0.10461365,0.027583601,-1.308622661,5.791477123,0.220883095
3.108,-0.039372976,0.355257154,-0.078887951,0.022343888,-1.3111457,5.716264427,0.217595007
3.112,-0.021226047,0.352983009,-0.042528646,0.017095142,-1.313138715,5.688305729,0.216202093
3.116,-0.006285997,0.349267008,-0.012594664,0.011839486,-1.3146009,5.634689798,0.213926042
3.12,0.011018951,0.345453628,0.022077641,0.006579044,-1.315531663,5.577114833,0.211590347
3.124,0.029499278,0.342730389,0.059104945,0.001315942,-1.315930629,5.534828043,0.209922363
3.128,0.039174118,0.335936326,0.078489517,-0.003947692,-1.315797636,5.424560943,0.205760999
3.132,0.060003619,0.334858932,0.120223641,-0.00920973,-1.315132738,5.404431291,0.205101096
3.136,0.069541374,0.328067661,0.139333548,-0.014468045,-1.313936203,5.290006737,0.200941443
3.14,0.087901173,0.325592355,0.176119361,-0.019720512,-1.312208516,5.243189735,0.199425317
3.144,0.098890761,0.320009138,0.198138171,-0.024965006,-1.309950375,5.144412047,0.196005597
3.148,0.112415401,0.315524065,0.225236227,-0.030199409,-1.307162692,5.061516485,0.19325849
3.152,0.121969809,0.308992166,0.244379502,-0.035421603,-1.303846595,4.944159691,0.189257702
3.156,0.135605704,0.305527362,0.271700469,-0.040629478,-1.300003423,4.874309806,0.187135509
3.16,0.146343649,0.299971853,0.293215085,-0.04582093,-1.295634732,4.769596172,0.18373276
3.164,0.154125943,0.293479416,0.308807739,-0.050993858,-1.290742286,4.648744829,0.179756143
3.168,0.1660462,0.288666832,0.332691245,-0.056146172,-1.285328063,4.55333286,0.176808435
3.172,0.173457721,0.282453712,0.347541016,-0.06127579,-1.279394253,4.434760849,0.173002898
3.176,0.180039415,0.276132045,0.36072814,-0.066380637,-1.272943253,4.313644748,0.169130877
3.18,0.189947684,0.270675079,0.380580412,-0.07145865,-1.265977672,4.205259894,0.165788486
3.184,0.190965345,0.262429108,0.382619406,-0.076507776,-1.258500325,4.053067716,0.160737829
3.188,0.201521082,0.257583455,0.403768948,-0.081525974,-1.250514236,3.952984651,0.157769866
3.192,0.199365943,0.249239407,0.399450897,-0.086511216,-1.242022632,3.798960178,0.152659137
3.196,0.210763348,0.244184056,0.422286812,-0.091461485,-1.233028945,3.694954529,0.149562734
3.2,0.203060253,0.234641447,0.40685284,-0.096374783,-1.223536813,3.523224296,0.143717886
3.204,0.214813305,0.230478154,0.430401332,-0.101249121,-1.213550071,3.432463998,0.14116787
3.208,0.208815447,0.221205254,0.418383985,-0.106082529,-1.203072758,3.265922343,0.135488218
3.212,0.214290511,0.215308587,0.42935386,-0.110873054,-1.192109108,3.149893568,0.131876509
3.216,0.211718966,0.207971761,0.424201494,-0.115618759,-1.180663553,3.013346332,0.127382704
3.22,0.20860885,0.199847481,0.417970047,-0.120317726,-1.168740721,2.866390649,0.122406582
3.224,0.210931334,0.193236124,0.422623391,-0.124968055,-1.15634543,2.742170334,0.118357126
3.228,0.201240555,0.184415877,0.403206883,-0.129567866,-1.143482692,2.587893666,0.112954725
3.232,0.204424326,0.178507398,0.409585907,-0.1341153,-1.130157707,2.475789933,0.109335781
3.236,0.192747744,0.168947792,0.386190631,-0.138608519,-1.11637586,2.314629477,0.103480522
3.24,0.191856763,0.162192111,0.384405455,-0.143045705,-1.102142724,2.193744711,0.099342668
3.244,0.183555719,0.154674537,0.367773429,-0.147425067,-1.087464052,2.064202299,0.094738154
3.248,0.174490179,0.146355517,0.349609656,-0.151744832,-1.072345777,1.92602743,0.089642754
3.252,0.171529881,0.139041713,0.343678384,-0.156003255,-1.056794012,1.803241844,0.085163049
3.256,0.159441094,0.130481596,0.31945721,-0.160198614,-1.040815042,1.666638238,0.079919977
3.26,0.152484762,0.123217422,0.30551946,-0.164329214,-1.024415328,1.549054546,0.075470671
3.264,0.14365314,0.116036618,0.287824364,-0.168393385,-1.007601498,1.434836421,0.071072429
3.268,0.130845106,0.106977131,0.262162104,-0.172389483,-0.990380351,1.300203965,0.065523493
3.272,0.122209223,0.099817276,0.244859192,-0.176315894,-0.972758846,1.19159707,0.061138082
3.276,0.112818143,0.092584808,0.226043164,-0.180171029,-0.954744109,1.084788917,0.056708195
3.28,0.096406356,0.083994518,0.1931604,-0.183953332,-0.93634342,0.965171811,0.051446642
3.284,0.08912057,0.076934482,0.178562553,-0.187661272,-0.917564219,0.866315389,0.04712237
3.288,0.075454843,0.069079216,0.151181812,-0.191293351,-0.898414097,0.761627262,0.04231102
3.292,0.058029849,0.060969857,0.116268982,-0.194848101,-0.878900795,0.657617793,0.037344037
3.296,0.048345954,0.053926289,0.096866268,-0.198324084,-0.859032202,0.568497425,0.033029852
3.3,0.033209554,0.045902317,0.066538878,-0.201719895,-0.838816349,0.472519809,0.028115169
3.304,0.016221403,0.037995317,0.032501308,-0.205034162,-0.818261408,0.381540514,0.023272131
3.308,0.006352703,0.03133641,0.012728318,-0.208265545,-0.797375689,0.306641371,0.019193551
3.312,-0.012247236,0.023489681,-0.024538641,-0.211412738,-0.776167634,0.223743881,0.01438743
3.316,-0.025584354,0.016287976,-0.051260977,-0.214474468,-0.754645817,0.150844264,0.009976385
3.32,-0.041510881,0.009070896,-0.083171471,-0.217449498,-0.732818938,0.08157656,0.005555924
3.324,-0.056334827,0.002124136,-0.112872824,-0.220336625,-0.71069582,0.018526129,0.001301034
3.328,-0.07183024,-0.005083233,-0.143919534,-0.223134681,-0.688285407,-0.042936548,-0.00311348
3.332,-0.085004607,-0.011545753,-0.170315782,-0.225842537,-0.665596758,-0.094308747,-0.007071774
3.336,-0.103162851,-0.018742495,-0.206697759,-0.228459097,-0.642639044,-0.14781314,-0.011479778
3.34,-0.117315514,-0.025243706,-0.235054126,-0.230983303,-0.619421547,-0.191892472,-0.01546177
3.344,-0.134094136,-0.032004176,-0.268671881,-0.233414135,-0.595953651,-0.234065634,-0.019602558
3.348,-0.148788775,-0.038481206,-0.298114156,-0.235750611,-0.572244843,-0.270239657,-0.023569738
3.352,-0.166630404,-0.045011403,-0.333861759,-0.237991786,-0.548304709,-0.302874737,-0.027569484
3.356,-0.177800063,-0.050766892,-0.35624136,-0.240136753,-0.524142924,-0.326549349,-0.031094721
3.36,-0.194325936,-0.057114579,-0.389352707,-0.242184646,-0.499769258,-0.350295892,-0.03498268
3.364,-0.211344801,-0.063611477,-0.423451816,-0.244134638,-0.475193562,-0.370957839,-0.03896203
3.368,-0.225982072,-0.069599243,-0.452779147,-0.245985939,-0.450425771,-0.384721336,-0.042629537
3.372,-0.240985181,-0.075521007,-0.482839473,-0.247737801,-0.425475897,-0.394331306,-0.046256617
3.376,-0.25707129,-0.081467818,-0.515069705,-0.249389517,-0.400354027,-0.400266101,-0.049899039
3.38,-0.268998945,-0.086917607,-0.538968032,-0.250940418,-0.375070316,-0.400072755,-0.053237034
3.384,-0.283572091,-0.09240334,-0.568166883,-0.252389877,-0.349634984,-0.396479808,-0.056597046
3.388,-0.299288692,-0.098078686,-0.599656767,-0.253737309,-0.324058314,-0.390046451,-0.060073195
3.392,-0.312939723,-0.103513057,-0.62700806,-0.254982169,-0.298350644,-0.379001245,-0.063401747
3.396,-0.326891816,-0.109013708,-0.654962565,-0.256123953,-0.272522368,-0.364587512,-0.066770896
3.4,-0.340953347,-0.114430405,-0.68313634,-0.257162201,-0.246583926,-0.346277859,-0.070088623
3.404,-0.354204426,-0.119723182,-0.709686287,-0.258096492,-0.220545804,-0.324037723,-0.073330449
3.408,-0.367906958,-0.125068613,-0.73714077,-0.258926448,-0.194418527,-0.298403907,-0.076604525
3.412,-0.380914766,-0.130344098,-0.763203297,-0.259651735,-0.168212657,-0.269072036,-0.07983576
3.416,-0.3934998,-0.135453021,-0.788418754,-0.260272059,-0.141938788,-0.235943659,-0.082964975
3.42,-0.406370967,-0.140735555,-0.814207507,-0.260787169,-0.115607541,-0.199668023,-0.086200528
3.424,-0.418524866,-0.145967094,-0.838559138,-0.261196857,-0.08922956,-0.159838809,-0.089404845
3.428,-0.430743698,-0.151206274,-0.863040869,-0.261500957,-0.062815508,-0.116561523,-0.092613843
3.432,-0.442842266,-0.156401083,-0.887281639,-0.261699347,-0.036376064,-0.069819057,-0.095795663
3.436,-0.454913295,-0.161687475,-0.911467231,-0.261791946,-0.009921915,-0.019687491,-0.099033578
3.44,-0.466750333,-0.166959685,-0.935183997,-0.261778717,0.016536246,0.033881845,-0.102262807
3.444,-0.478361055,-0.172236787,-0.958447315,-0.261659665,0.042987721,0.090863374,-0.105495032
3.448,-0.489711506,-0.177504696,-0.981189153,-0.261434839,0.069421819,0.151225267,-0.108721626
3.452,-0.501043251,-0.182761845,-1.00389351,-0.261104328,0.095827854,0.214929395,-0.11194163
3.456,-0.511771618,-0.188021158,-1.025388936,-0.260668267,0.12219515,0.28195462,-0.115162959
3.46,-0.522247109,-0.193333602,-1.046377699,-0.260126833,0.14851305,0.352363148,-0.118416831
3.464,-0.532892945,-0.198604209,-1.067707764,-0.259480243,0.174770914,0.425967169,-0.121645078
3.468,-0.542231764,-0.203672317,-1.086419082,-0.25872876,0.200958127,0.502291817,-0.124749294
3.472,-0.551942057,-0.208947116,-1.105874688,-0.257872686,0.227064105,0.582241809,-0.127980108
3.476,-0.561114031,-0.214080615,-1.124251716,-0.256912369,0.253078292,0.664891471,-0.131124377
3.48,-0.570094512,-0.21945901,-1.142245066,-0.255848196,0.278990174,0.751382105,-0.134418644
3.484,-0.578772009,-0.22472912,-1.159631355,-0.254680598,0.304789275,0.840577104,-0.137646586
3.488,-0.586417342,-0.229944873,-1.174949593,-0.253410047,0.330465167,0.932541019,-0.140841235
3.492,-0.595181484,-0.235156037,-1.192509486,-0.252037055,0.35600747,1.027386291,-0.144033073
3.496,-0.602485285,-0.240307803,-1.207143428,-0.250562179,0.381405858,1.124795978,-0.147188529
3.5,-0.608755378,-0.245502838,-1.219706227,-0.248986014,0.406650065,1.225168679,-0.150370488
3.504,-0.616491663,-0.251006611,-1.235206698,-0.247309197,0.431729885,1.329890233,-0.153741549
3.508,-0.621599,-0.256032551,-1.245439792,-0.245532407,0.456635181,1.434772602,-0.156819937
3.512,-0.626254178,-0.260768176,-1.254766937,-0.243656362,0.481355884,1.540420881,-0.159720508
3.516,-0.631258953,-0.265785974,-1.264794535,-0.24168182,0.505882001,1.650060278,-0.162793909
3.52,-0.636279894,-0.271181741,-1.274854527,-0.239609579,0.530203617,1.764499966,-0.166098816
3.524,-0.640978055,-0.276306371,-1.284267792,-0.237440477,0.554310902,1.879588771,-0.169237652
3.528,-0.644142093,-0.281597586,-1.290607279,-0.23517539,0.578194108,1.998117907,-0.172478521
3.532,-0.646819819,-0.286271371,-1.295972389,-0.232815235,0.601843583,2.114365554,-0.175341215
3.536,-0.650652052,-0.291573529,-1.303650675,-0.230360966,0.625249764,2.23727904,-0.178588787
3.54,-0.652903541,-0.29660679,-1.308161774,-0.227813574,0.648403192,2.360177994,-0.181671659
3.544,-0.65295168,-0.300757768,-1.308258225,-0.22517409,0.671294505,2.47769856,-0.184214133
3.548,-0.654615334,-0.305996358,-1.311591533,-0.22244358,0.693914451,2.605797801,-0.18742277
3.552,-0.654607838,-0.310920694,-1.311576514,-0.219623148,0.716253885,2.732971751,-0.190438925
3.556,-0.654660599,-0.315396796,-1.311682227,-0.216713935,0.738303777,2.857662204,-0.193180538
3.56,-0.651587783,-0.319346728,-1.305525512,-0.213717116,0.760055213,2.978695685,-0.195599871
3.564,-0.651509871,-0.324730483,-1.305369406,-0.210633903,0.7814994,3.114370162,-0.198897421
3.568,-0.649251679,-0.329155093,-1.300844879,-0.207465542,0.802627669,3.242150942,-0.201607495
3.572,-0.645042052,-0.332846413,-1.292410443,-0.204213314,0.82343148,3.363487906,-0.203868428
3.576,-0.640038555,-0.336914358,-1.282385403,-0.200878534,0.843902423,3.489235446,-0.206360044
3.58,-0.636205859,-0.341580512,-1.27470619,-0.19746255,0.864032222,3.621942462,-0.209218064
3.584,-0.631945774,-0.345001756,-1.266170655,-0.193966742,0.88381274,3.741968145,-0.211313575
3.588,-0.625430621,-0.349580931,-1.253116852,-0.190392524,0.903235981,3.874962349,-0.21411832
3.592,-0.619057536,-0.352083494,-1.240347697,-0.186741341,0.922294092,3.985048542,-0.21565114
3.596,-0.612816145,-0.358001728,-1.227842407,-0.183014669,0.940979371,4.13412638,-0.219276059
3.6,-0.603624597,-0.360016175,-1.209426161,-0.179214013,0.959284263,4.238262546,-0.220509907
3.604,-0.594948554,-0.363908942,-1.192042784,-0.175340912,0.977201369,4.364106266,-0.222894227
3.608,-0.587960795,-0.368164451,-1.178042065,-0.171396929,0.994723446,4.494306943,-0.225500726
3.612,-0.575319319,-0.368122216,-1.152713523,-0.16738366,1.01184341,4.571133003,-0.225474857
3.616,-0.564674108,-0.371208051,-1.131384708,-0.163302727,1.028554341,4.685577785,-0.227364931
3.62,-0.553349926,-0.374867794,-1.108695504,-0.15915578,1.044849484,4.806737285,-0.229606524
3.624,-0.542198979,-0.376643243,-1.086353394,-0.154944494,1.060722252,4.902870059,-0.230693986
3.628,-0.529292064,-0.379414436,-1.060493016,-0.150670573,1.076166227,5.010853809,-0.232391342
3.632,-0.517109294,-0.381461888,-1.036083539,-0.146335745,1.091175167,5.108155994,-0.233645407
3.636,-0.503676294,-0.379255675,-1.009169092,-0.14194176,1.105743005,5.146415087,-0.232294101
3.64,-0.488418075,-0.386177297,-0.978597625,-0.137490397,1.119863851,5.307261509,-0.236533594
3.644,-0.474841154,-0.384220863,-0.951394818,-0.132983453,1.133531997,5.34482205,-0.235335279
3.648,-0.458385503,-0.386284555,-0.918424169,-0.128422752,1.146741919,5.436151541,-0.23659929
3.652,-0.443848963,-0.388800682,-0.889298663,-0.123810136,1.159488275,5.532378722,-0.238140418
3.656,-0.426875547,-0.388905263,-0.855290618,-0.11914747,1.171765913,5.592464086,-0.238204474
3.66,-0.410425155,-0.389271067,-0.822330505,-0.11443664,1.183569871,5.654113858,-0.238428529
3.664,-0.394764672,-0.389999507,-0.790953059,-0.109679549,1.194895375,5.718899461,-0.238874698
3.668,-0.376492707,-0.391100214,-0.754343231,-0.104878121,1.205737849,5.787079793,-0.239548881
3.672,-0.359900322,-0.39171877,-0.721098622,-0.100034296,1.216092909,5.846011449,-0.239927747
3.676,-0.340394151,-0.391082006,-0.68201593,-0.095150033,1.225956369,5.883847003,-0.239537729
3.68,-0.324280933,-0.389927343,-0.649731383,-0.090227306,1.235324242,5.91130241,-0.238830498
3.684,-0.30505462,-0.390057952,-0.611209416,-0.085268105,1.24419274,5.955734401,-0.238910495
3.688,-0.286170345,-0.391064817,-0.573372761,-0.080274435,1.25255828,6.011255829,-0.239527201
3.692,-0.271971865,-0.388175861,-0.544924594,-0.075248314,1.260417478,6.004287303,-0.237757715
3.696,-0.250138692,-0.38708886,-0.501179506,-0.070191775,1.267767159,6.022387471,-0.237091927
3.7,-0.234734764,-0.385339397,-0.470316097,-0.06510686,1.274604351,6.027501587,-0.236020381
3.704,-0.216113279,-0.383404592,-0.433005969,-0.059995627,1.280926289,6.026983084,-0.234835313
3.708,-0.196293949,-0.381808313,-0.393295831,-0.05486014,1.28673042,6.029085902,-0.233857592
3.712,-0.179294275,-0.379352723,-0.359235174,-0.049702477,1.292014395,6.014909273,-0.232353543
3.716,-0.162296175,-0.376140736,-0.325177669,-0.044524722,1.296776079,5.985961021,-0.230386201
3.72,-0.143931611,-0.373512351,-0.28838231,-0.039328967,1.301013548,5.963556114,-0.228776315
3.724,-0.125868866,-0.371377732,-0.252191678,-0.034117314,1.304725088,5.946390087,-0.227468861
3.728,-0.107374309,-0.368672435,-0.215135863,-0.02889187,1.307909199,5.917479813,-0.225811867
3.732,-0.088712419,-0.366369904,-0.177744779,-0.023654746,1.310564594,5.892461376,-0.224401566
3.736,-0.073793257,-0.360560434,-0.14785265,-0.018408059,1.312690199,5.808430982,-0.220843266
3.74,-0.054467896,-0.358585615,-0.10913223,-0.013153932,1.314285155,5.783636494,-0.219633689
3.744,-0.040699055,-0.354565252,-0.08154489,-0.007894487,1.315348817,5.723420229,-0.217171217
3.748,-0.024871064,-0.350265573,-0.049831826,-0.00263185,1.315880756,5.656300992,-0.214537663
3.752,-0.009251247,-0.34620895,-0.018535858,0.00263185,1.315880756,5.590792186,-0.212052982
3.756,0.00595744,-0.341062141,0.011936365,0.007894487,1.315348817,5.505451941,-0.208900561
3.76,0.020519526,-0.337223917,0.041113056,0.013153932,1.314285155,5.439093113,-0.206549649
3.764,0.038164523,-0.333970535,0.076466686,0.018408059,1.312690199,5.380082291,-0.204556953
3.768,0.04765656,-0.32746347,0.095484993,0.023654746,1.310564594,5.266714944,-0.200571375
3.772,0.061316277,-0.322614832,0.122853691,0.02889187,1.307909199,5.178219407,-0.197601585
3.776,0.073791113,-0.317462143,0.147848352,0.034117314,1.304725088,5.083109676,-0.194445563
3.78,0.086189917,-0.312060236,0.172690678,0.039328967,1.301013548,4.98240211,-0.191136895
3.784,0.095744727,-0.306547994,0.191834756,0.044524722,1.296776079,4.878451508,-0.187760646
3.788,0.107412844,-0.301229889,0.215213072,0.049702477,1.292014395,4.776215767,-0.184503307
3.792,0.118641917,-0.295866464,0.237711714,0.05486014,1.28673042,4.67198923,-0.181218209
3.796,0.126103408,-0.289243359,0.252661608,0.059995627,1.280926289,4.546802166,-0.177161557
3.8,0.132635448,-0.28238556,0.265749245,0.06510686,1.274604351,4.417091594,-0.172961156
3.804,0.139131029,-0.276111197,0.278763833,0.070191775,1.267767159,4.29578007,-0.169118108
3.808,0.147328106,-0.270083545,0.295187549,0.075248314,1.260417478,4.1776405,-0.165426171
3.812,0.152671328,-0.262735431,0.305893264,0.080274435,1.25255828,4.03863968,-0.160925451
3.816,0.157522998,-0.256442876,0.315614101,0.085268105,1.24419274,3.915586518,-0.157071261
3.82,0.161284905,-0.249259791,0.323151483,0.090227306,1.235324242,3.778780919,-0.152671622
3.824,0.164077238,-0.241869515,0.32874622,0.095150033,1.225956369,3.63893812,-0.148145078
3.828,0.168190195,-0.235383424,0.336986967,0.100034296,1.216092909,3.51286254,-0.144172347
3.832,0.167103235,-0.227504066,0.334809126,0.104878121,1.205737849,3.366360171,-0.13934624
3.836,0.171882333,-0.221232722,0.344384558,0.109679549,1.194895375,3.244126395,-0.135505042
3.84,0.165215157,-0.211611175,0.331026161,0.11443664,1.183569871,3.073626015,-0.129611845
3.844,0.171799077,-0.206285805,0.344217746,0.11914747,1.171765913,2.966393269,-0.126350055
3.848,0.162658125,-0.197113003,0.325902875,0.123810136,1.159488275,2.804788764,-0.120731714
3.852,0.167531961,-0.190958175,0.335668125,0.128422752,1.146741919,2.687339077,-0.116961882
3.856,0.157123598,-0.181605307,0.314813861,0.132983453,1.133531997,2.526276266,-0.11123325
3.86,0.157257234,-0.174729052,0.315081614,0.137490397,1.119863851,2.401313536,-0.107021544
3.864,0.153818597,-0.167479572,0.30819194,0.14194176,1.105743005,2.272660518,-0.102581238
3.868,0.144311518,-0.158237932,0.289143493,0.146335745,1.091175167,2.118964085,-0.096920733
3.872,0.14297551,-0.151632123,0.286466661,0.150670573,1.076166227,2.002576423,-0.092874676
3.876,0.129930553,-0.143001302,0.260329699,0.154944494,1.060722252,1.861487795,-0.087588297
3.88,0.127745345,-0.135761011,0.255951402,0.15915578,1.044849484,1.74079375,-0.083153619
3.884,0.117822687,-0.127564863,0.236070301,0.163302727,1.028554341,1.610188912,-0.078133479
3.888,0.107600745,-0.119387903,0.215589551,0.16738366,1.01184341,1.482491304,-0.073125091
3.892,0.102792429,-0.112810141,0.205955578,0.171396929,0.994723446,1.377111226,-0.069096211
3.896,0.091593774,-0.104610729,0.183517879,0.175340912,0.977201369,1.254523552,-0.064074072
3.9,0.079255852,-0.096018707,0.15879754,0.179214013,0.959284263,1.130372791,-0.058811458
3.904,0.070611517,-0.088953753,0.141477693,0.183014669,0.940979371,1.02721866,-0.054484174
3.908,0.059835111,-0.081456501,0.119886016,0.186741341,0.922294092,0.921963445,-0.049892107
3.912,0.044175257,-0.073033002,0.088509832,0.190392524,0.903235981,0.809541108,-0.044732714
3.916,0.036088436,-0.065757936,0.072307025,0.193966742,0.88381274,0.713225648,-0.040276736
3.92,0.022743974,-0.058095373,0.045569974,0.19746255,0.864032222,0.616013187,-0.035583416
3.924,0.006720786,-0.05020578,0.013465811,0.200878534,0.843902423,0.519953459,-0.03075104
3.928,-0.003430194,-0.043132431,-0.006872759,0.204213314,0.82343148,0.435862919,-0.026418614
3.932,-0.017690177,-0.035419804,-0.035444153,0.207465542,0.802627669,0.348882191,-0.02169463
3.936,-0.03434137,-0.027508251,-0.068806593,0.210633903,0.7814994,0.263821474,-0.016848803
3.94,-0.043275339,-0.021118924,-0.086706751,0.213717116,0.760055213,0.196986039,-0.012935341
3.944,-0.061044141,-0.013390197,-0.122308437,0.216713935,0.738303777,0.121322284,-0.008201496
3.948,-0.074568283,-0.006270933,-0.149405497,0.219623148,0.716253885,0.055121078,-0.003840947
3.952,-0.086905432,0.000304935,-0.174124288,0.22244358,0.693914451,-0.002596762,0.000186773
3.956,-0.103482486,0.00746617,-0.20733818,0.22517409,0.671294505,-0.061507699,0.004573029
3.96,-0.116985523,0.014221622,-0.234392954,0.227813574,0.648403192,-0.113165175,0.008710743
3.964,-0.130744775,0.020867005,-0.261961079,0.230360966,0.625249764,-0.16011506,0.012781041
3.968,-0.146247119,0.027597975,-0.293021677,0.232815235,0.601843583,-0.203835288,0.01690376
3.972,-0.159484113,0.033849851,-0.319543404,0.23517539,0.578194108,-0.240186692,0.020733033
3.976,-0.173074684,0.040085279,-0.34677356,0.237440477,0.554310902,-0.272682241,0.024552233
3.98,-0.189128083,0.046678852,-0.378938254,0.239609579,0.530203617,-0.303725582,0.028590797
3.984,-0.201216191,0.052419958,-0.403158066,0.24168182,0.505882001,-0.325435121,0.032107224
3.988,-0.215651069,0.058541348,-0.432079881,0.243656362,0.481355884,-0.345817944,0.035856575
3.992,-0.230301659,0.064350869,-0.461433899,0.245532407,0.456635181,-0.360613773,0.039414908
3.996,-0.243588548,0.070166672,-0.488055595,0.247309197,0.431729885,-0.371759021,0.042977087
4,-0.257598093,0.076170939,-0.516125211,0.248986014,0.406650065,-0.380126966,0.0466547
