time,theta,Cd,Cip
0,0,0.08,0.001301706
0.004,0.001096594,0.08,0.027462836
0.008,0.002193015,0.084777816,0.059177717
0.012,0.003289089,0.080942979,0.071005387
0.016,0.004384644,0.078051592,0.070539761
0.02,0.005479507,0.076182846,0.069899182
0.024,0.006573504,0.074564204,0.069349916
0.028,0.007666463,0.073550461,0.068662015
0.032,0.008758212,0.072563586,0.068141662
0.036,0.009848577,0.071931272,0.067912937
0.04,0.010937388,0.071188221,0.067585291
0.044,0.012024471,0.070325088,0.067396802
0.048,0.013109656,0.069718011,0.067134316
0.052,0.01419277,0.06920053,0.067400838
0.056,0.015273643,0.069058664,0.067129075
0.06,0.016352104,0.06843025,0.067082491
0.064,0.017427984,0.068219041,0.067169084
0.068,0.018501111,0.067900921,0.067055632
0.072,0.019571316,0.067833223,0.067039211
0.076,0.020638431,0.067458991,0.066740795
0.08,0.021702287,0.067685805,0.066785751
0.084,0.022762716,0.067753208,0.066824526
0.088,0.02381955,0.067424177,0.066356603
0.092,0.024872623,0.067138623,0.065914731
0.096,0.025921768,0.067166991,0.065305089
0.1,0.02696682,0.067067687,0.064645904
0.104,0.028007614,0.0670427,0.064174912
0.108,0.029043984,0.066741512,0.063716184
0.112,0.030075769,0.067149341,0.06304233
0.116,0.031102804,0.066552484,0.06205593
0.12,0.032124928,0.066919868,0.061328454
0.124,0.033141978,0.066801988,0.060209153
0.128,0.034153795,0.06690637,0.059525251
0.132,0.035160219,0.066673905,0.058420518
0.136,0.036161091,0.066626164,0.057410801
0.14,0.037156253,0.066534832,0.056292731
0.144,0.038145547,0.066402752,0.055132529
0.148,0.039128817,0.066345459,0.053792657
0.152,0.040105909,0.065871131,0.052626174
0.156,0.041076667,0.065429032,0.051140294
0.16,0.042040939,0.065626179,0.050209943
0.164,0.042998572,0.065861985,0.048920429
0.168,0.043949415,0.065534067,0.047636446
0.172,0.044893318,0.065191999,0.046250674
0.176,0.045830132,0.06432835,0.044473166
0.18,0.046759709,0.064586982,0.043258672
0.184,0.047681902,0.064126568,0.041832012
0.188,0.048596565,0.063870864,0.040527011
0.192,0.049503555,0.06345213,0.039035814
0.196,0.050402727,0.0630332,0.037487827
0.2,0.05129394,0.062554081,0.036125257
0.204,0.052177053,0.062446285,0.034714881
0.208,0.053051927,0.06228065,0.03329595
0.212,0.053918423,0.061936152,0.031642353
0.216,0.054776405,0.061274258,0.03027687
0.22,0.055625737,0.061199472,0.029046717
0.224,0.056466285,0.060108429,0.027510449
0.228,0.057297916,0.060145488,0.026414597
0.232,0.0581205,0.059602089,0.024941925
0.236,0.058933905,0.058687602,0.023420784
0.24,0.059738004,0.057893508,0.021969571
0.244,0.06053267,0.057358594,0.020680919
0.248,0.061317777,0.057265235,0.019540956
0.252,0.062093202,0.055638208,0.017812503
0.256,0.062858821,0.055583251,0.01661172
0.26,0.063614513,0.055208691,0.015464035
0.264,0.064360161,0.054746542,0.014223711
0.268,0.065095645,0.054093357,0.012982976
0.272,0.06582085,0.053604487,0.011932583
0.276,0.066535661,0.052540915,0.010595573
0.28,0.067239965,0.051826648,0.00949699
0.284,0.067933651,0.051306775,0.008487165
0.288,0.06861661,0.050446547,0.007325264
0.292,0.069288733,0.04952006,0.006239802
0.296,0.069949915,0.04900473,0.005263123
0.3,0.070600051,0.047772694,0.004276658
0.304,0.071239039,0.047065145,0.003403197
0.308,0.071866777,0.046612723,0.002438299
0.312,0.072483166,0.046060444,0.001641175
0.316,0.073088109,0.045233893,0.000694854
0.32,0.073681511,0.044207001,-0.000197554
0.324,0.074263278,0.043541871,-0.000966504
0.328,0.074833318,0.042637537,-0.001692165
0.332,0.075391541,0.041588636,-0.002424914
0.336,0.075937858,0.040719746,-0.003115554
0.34,0.076472184,0.039652569,-0.003796331
0.344,0.076994434,0.038753913,-0.004421724
0.348,0.077504526,0.037702643,-0.005025754
0.352,0.078002379,0.037363849,-0.005489429
0.356,0.078487915,0.036377261,-0.006016004
0.36,0.078961056,0.035754284,-0.006464995
0.364,0.079421729,0.034193777,-0.006961582
0.368,0.07986986,0.033912993,-0.007402714
0.372,0.080305378,0.032949082,-0.007698231
0.376,0.080728215,0.032517138,-0.008059798
0.38,0.081138305,0.031572424,-0.008313686
0.384,0.081535582,0.031209055,-0.008580172
0.388,0.081919983,0.029832511,-0.00878795
0.392,0.082291448,0.028812807,-0.008959567
0.396,0.082649919,0.028133136,-0.009021702
0.4,0.082995338,0.026912406,-0.009166203
0.404,0.083327651,0.02579342,-0.009268998
0.408,0.083646806,0.024964791,-0.009276943
0.412,0.083952752,0.024303635,-0.009260067
0.416,0.084245441,0.023205329,-0.009250597
0.42,0.084524826,0.02258685,-0.009128539
0.424,0.084790864,0.021705564,-0.00901621
0.428,0.085043513,0.020959311,-0.008839586
0.432,0.085282732,0.01999833,-0.008642031
0.436,0.085508484,0.019238323,-0.008407424
0.44,0.085720734,0.018374758,-0.008132689
0.444,0.085919447,0.017653578,-0.007821516
0.448,0.086104592,0.016883404,-0.007476555
0.452,0.086276141,0.016113129,-0.007096499
0.456,0.086434065,0.015496939,-0.006682319
0.46,0.08657834,0.014623517,-0.006235577
0.464,0.086708944,0.013872662,-0.005761172
0.468,0.086825856,0.013130713,-0.005242588
0.472,0.086929056,0.012410106,-0.004694649
0.476,0.08701853,0.01165167,-0.004118882
0.48,0.087094262,0.010935256,-0.003508899
0.484,0.087156241,0.010230922,-0.00286793
0.488,0.087204457,0.009536794,-0.002196257
0.492,0.087238903,0.008863099,-0.001493648
0.496,0.087259572,0.008197432,-0.000761573
0.5,0.087266463,0.007549123,-3.78332E-18
0.504,0.087259572,0.006925209,0.000790433
0.508,0.087238903,0.006314034,0.001609409
0.512,0.087204457,0.005696855,0.002456195
0.516,0.087156241,0.005120831,0.003329711
0.52,0.087094262,0.004555425,0.004229089
0.524,0.08701853,0.003988311,0.005156824
0.528,0.086929056,0.003440063,0.006109232
0.532,0.086825856,0.002908376,0.007088988
0.536,0.086708944,0.002397536,0.008087887
0.54,0.08657834,0.001900049,0.009111434
0.544,0.086434065,0.001355033,0.010159904
0.548,0.086276141,0.000945901,0.011229356
0.552,0.086104592,0.000520173,0.012315535
0.556,0.085919447,0.0000821,0.013430668
0.56,0.085720734,-0.000187398,0.014563279
0.564,0.085508484,-0.000684992,0.01570431
0.568,0.085282732,-0.001007171,0.016881643
0.572,0.085043513,-0.001331903,0.018060112
0.576,0.084790864,-0.001713094,0.019277353
0.58,0.084524826,-0.002006254,0.020500635
0.584,0.084245441,-0.00222823,0.021712117
0.588,0.083952752,-0.002631767,0.022973627
0.592,0.083646806,-0.002848273,0.024246555
0.596,0.083327651,-0.003094509,0.025532041
0.6,0.082995338,-0.003307743,0.026824747
0.604,0.082649919,-0.003653292,0.028174324
0.608,0.082291448,-0.003791688,0.029475498
0.612,0.081919983,-0.004120365,0.030813137
0.616,0.081535582,-0.004366925,0.032267023
0.62,0.081138305,-0.004230786,0.03352981
0.624,0.080728215,-0.00445224,0.034859751
0.628,0.080305378,-0.004470953,0.036251007
0.632,0.07986986,-0.004569759,0.037613681
0.636,0.079421729,-0.004588592,0.039024228
0.64,0.078961056,-0.004471262,0.040403947
0.644,0.078487915,-0.004571025,0.041809224
0.648,0.078002379,-0.004623183,0.043166866
0.652,0.077504526,-0.004615616,0.044606787
0.656,0.076994434,-0.004453979,0.045973112
0.66,0.076472184,-0.004474694,0.047378742
0.664,0.075937858,-0.004359676,0.048818724
0.668,0.075391541,-0.004074488,0.050391597
0.672,0.074833318,-0.004062509,0.051699299
0.676,0.074263278,-0.004034055,0.053112608
0.68,0.073681511,-0.003807827,0.054452804
0.684,0.073088109,-0.003641891,0.055868973
0.688,0.072483166,-0.003530593,0.057354842
0.692,0.071866777,-0.003396511,0.058807608
0.696,0.071239039,-0.003165839,0.060166287
0.7,0.070600051,-0.002922172,0.061559984
0.704,0.069949915,-0.0024701,0.062957195
0.708,0.069288733,-0.002241404,0.064313133
0.712,0.06861661,-0.001866697,0.065709259
0.716,0.067933651,-0.001606635,0.067052313
0.72,0.067239965,-0.001201419,0.068393054
0.724,0.066535661,-0.001045643,0.069618274
0.728,0.06582085,-0.000546385,0.071082332
0.732,0.065095645,-0.0000684,0.072389148
0.736,0.064360161,0.000394121,0.073593119
0.74,0.063614513,0.000998124,0.074934948
0.744,0.062858821,0.001397193,0.076179154
0.748,0.062093202,0.00172224,0.077362314
0.752,0.061317777,0.002372354,0.078673302
0.756,0.06053267,0.002640126,0.079841384
0.76,0.059738004,0.003211999,0.081100757
0.764,0.058933905,0.003730478,0.082300975
0.768,0.0581205,0.004343295,0.083421205
0.772,0.057297916,0.00467023,0.084534699
0.776,0.056466285,0.005227617,0.085682509
0.78,0.055625737,0.006084762,0.086798749
0.784,0.054776405,0.00664467,0.087764166
0.788,0.053918423,0.007354218,0.088901971
0.792,0.053051927,0.007935314,0.090044037
0.796,0.052177053,0.008541218,0.090979068
0.8,0.05129394,0.008842165,0.091867404
0.804,0.050402727,0.009778529,0.093021249
0.808,0.049503555,0.010473418,0.093896001
0.812,0.048596565,0.011209729,0.094747971
0.816,0.047681902,0.011824378,0.095652929
0.82,0.046759709,0.012428367,0.096421661
0.824,0.045830132,0.013099115,0.097384936
0.828,0.044893318,0.014003082,0.098115494
0.832,0.043949415,0.014821062,0.098901564
0.836,0.042998572,0.015301553,0.099534608
0.84,0.042040939,0.016365056,0.10029669
0.844,0.041076667,0.01698293,0.101131008
0.848,0.040105909,0.017689341,0.101643325
0.852,0.039128817,0.01842046,0.102422053
0.856,0.038145547,0.019288313,0.102918283
0.86,0.037156253,0.020012303,0.103470615
0.864,0.036161091,0.020906159,0.104127596
0.868,0.035160219,0.021734025,0.104658357
0.872,0.034153795,0.022281009,0.104883647
0.876,0.033141978,0.023083803,0.105100575
0.88,0.032124928,0.024202862,0.105599112
0.884,0.031102804,0.024972663,0.105848367
0.888,0.030075769,0.025779816,0.105989251
0.892,0.029043984,0.02665561,0.106273411
0.896,0.028007614,0.027537944,0.10647426
0.9,0.02696682,0.028373846,0.106684305
0.904,0.025921768,0.029037198,0.106919785
0.908,0.024872623,0.029611806,0.107042054
0.912,0.02381955,0.030297655,0.107117143
0.916,0.022762716,0.031375902,0.107419341
0.92,0.021702287,0.032363437,0.107256559
0.924,0.020638431,0.033207832,0.107289094
0.928,0.019571316,0.033671339,0.107159029
0.932,0.018501111,0.034647792,0.107142847
0.936,0.017427984,0.035544893,0.107123162
0.94,0.016352104,0.036324187,0.107045478
0.944,0.015273643,0.037001475,0.1067585
0.948,0.01419277,0.037465524,0.106391715
0.952,0.013109656,0.03873302,0.106386267
0.956,0.012024471,0.039215034,0.105859164
0.96,0.010937388,0.040343426,0.10545072
0.964,0.009848577,0.041090243,0.105008262
0.968,0.008758212,0.041529043,0.104401853
0.972,0.007666463,0.042511851,0.103973951
0.976,0.006573504,0.043429128,0.103616515
0.98,0.005479507,0.044326796,0.103137869
0.984,0.004384644,0.044659668,0.102522015
0.988,0.003289089,0.045184322,0.101781939
0.992,0.002193015,0.045082472,0.100728297
0.996,0.001096594,0.0463745,0.100173784
1,1.07E-17,0.04748951,0.099641722
1.004,-0.002193188,0.06,0.274628363
1.008,-0.004386029,0.087749284,0.350080395
1.012,-0.006578178,0.088429574,0.38530134
1.016,-0.008769288,0.086961712,0.38970397
1.02,-0.010959013,0.087191525,0.390264302
1.024,-0.013147008,0.086981825,0.391070743
1.028,-0.015332926,0.08878802,0.391708575
1.032,-0.017516424,0.088571397,0.393868967
1.036,-0.019697155,0.089004568,0.393477774
1.04,-0.021874776,0.090339225,0.396091189
1.044,-0.024048942,0.091763093,0.397164177
1.048,-0.026219312,0.093610472,0.397951521
1.052,-0.02838554,0.093943722,0.397859811
1.056,-0.030547286,0.095874268,0.398773522
1.06,-0.032704209,0.09697518,0.399125219
1.064,-0.034855967,0.098943265,0.399238372
1.068,-0.037002221,0.100846579,0.398696692
1.072,-0.039142632,0.102553744,0.397679917
1.076,-0.041276862,0.104282815,0.395844056
1.08,-0.043404573,0.10536944,0.393263745
1.084,-0.045525431,0.105621911,0.388517299
1.088,-0.0476391,0.108046335,0.386453589
1.092,-0.049745246,0.109587755,0.383466353
1.096,-0.051843536,0.111198371,0.378992532
1.1,-0.05393364,0.111952096,0.372584913
1.104,-0.056015227,0.113336545,0.369418623
1.108,-0.058087969,0.114383004,0.363676697
1.112,-0.060151538,0.115705942,0.358157595
1.116,-0.062205608,0.117231617,0.35183678
1.12,-0.064249855,0.117972862,0.345804885
1.124,-0.066283956,0.117907548,0.339565587
1.128,-0.068307591,0.118809131,0.332992536
1.132,-0.070320439,0.119446403,0.326454515
1.136,-0.072322182,0.120428518,0.31943497
1.14,-0.074312505,0.120705994,0.312149915
1.144,-0.076291093,0.120610178,0.305315562
1.148,-0.078257634,0.120996932,0.297244923
1.152,-0.080211817,0.122203969,0.292196213
1.156,-0.082153334,0.121829795,0.283853436
1.16,-0.084081878,0.121052235,0.27506118
1.164,-0.085997144,0.120870796,0.268487265
1.168,-0.087898831,0.119861397,0.260313115
1.172,-0.089786637,0.120835683,0.254368277
1.176,-0.091660264,0.120279594,0.246621246
1.18,-0.093519418,0.119939712,0.238750975
1.184,-0.095363804,0.119827724,0.232042837
1.188,-0.09719313,0.117399351,0.223176653
1.192,-0.099007109,0.116598871,0.216514291
1.196,-0.100805453,0.11558506,0.209001912
1.2,-0.102587879,0.117023814,0.203473708
1.204,-0.104354106,0.116513641,0.196386638
1.208,-0.106103853,0.116564947,0.19030056
1.212,-0.107836846,0.110994026,0.180119785
1.216,-0.109552809,0.109132109,0.172301437
1.22,-0.111251474,0.106412738,0.164651758
1.224,-0.11293257,0.108115133,0.159406024
1.228,-0.114595833,0.106626365,0.15282198
1.232,-0.116240999,0.104743642,0.145741357
1.236,-0.11786781,0.103630992,0.13969496
1.24,-0.119476009,0.098648182,0.130783759
1.244,-0.121065341,0.095973932,0.123976588
1.248,-0.122635555,0.095197782,0.11809951
1.252,-0.124186403,0.092203226,0.111560978
1.256,-0.125717641,0.090260657,0.105705255
1.26,-0.127229027,0.088143186,0.09947689
1.264,-0.128720322,0.086152587,0.093292257
1.268,-0.13019129,0.083755414,0.086815155
1.272,-0.1316417,0.078463032,0.080122282
1.276,-0.133071322,0.076981493,0.07518812
1.28,-0.13447993,0.073632835,0.069269268
1.284,-0.135867303,0.070974584,0.063570986
1.288,-0.13723322,0.067882254,0.057947374
1.292,-0.138577467,0.064822462,0.05246455
1.296,-0.139899831,0.063167267,0.047807945
1.3,-0.141200103,0.062547089,0.043623202
1.304,-0.142478077,0.055911949,0.038001838
1.308,-0.143733553,0.053482681,0.033774911
1.312,-0.144966332,0.051258888,0.029138716
1.316,-0.146176219,0.046736601,0.024326052
1.32,-0.147363023,0.043568861,0.019950915
1.324,-0.148526556,0.040610118,0.016115804
1.328,-0.149666636,0.037516335,0.01205761
1.332,-0.150783081,0.035460979,0.009120175
1.336,-0.151875716,0.031565499,0.005358151
1.34,-0.152944368,0.028248955,0.001920831
1.344,-0.153988869,0.023399996,-0.001295458
1.348,-0.155009052,0.021618722,-0.004302975
1.352,-0.156004758,0.018933,-0.007143385
1.356,-0.156975829,0.013546127,-0.010546733
1.36,-0.157922112,0.010772174,-0.012918164
1.364,-0.158843457,0.007093215,-0.01526457
1.368,-0.159739719,0.003221555,-0.017671868
1.372,-0.160610756,0.000880054,-0.019399409
1.376,-0.161456431,-0.002500911,-0.021297043
1.38,-0.16227661,-0.006115415,-0.022984099
1.384,-0.163071163,-0.010258319,-0.024785976
1.388,-0.163839966,-0.013436051,-0.026082714
1.392,-0.164582897,-0.017078593,-0.027337155
1.396,-0.165299838,-0.020111665,-0.028483921
1.4,-0.165990676,-0.024608272,-0.029322541
1.404,-0.166655302,-0.028872241,-0.030101672
1.408,-0.167293612,-0.03171577,-0.030610136
1.412,-0.167905504,-0.035513305,-0.031056044
1.416,-0.168490881,-0.039498433,-0.031314867
1.42,-0.169049652,-0.042754475,-0.031325533
1.424,-0.169581729,-0.046113669,-0.031184476
1.428,-0.170087026,-0.049477222,-0.030935681
1.432,-0.170565464,-0.052630909,-0.030500683
1.436,-0.171016969,-0.055939474,-0.029889288
1.44,-0.171441467,-0.059138287,-0.029129563
1.444,-0.171838893,-0.062414672,-0.028241584
1.448,-0.172209184,-0.065390252,-0.027141554
1.452,-0.172552281,-0.068701388,-0.025929941
1.456,-0.17286813,-0.072169738,-0.024583263
1.46,-0.173156681,-0.075248517,-0.023040398
1.464,-0.173417889,-0.078285317,-0.021371486
1.468,-0.173651711,-0.081383828,-0.019558384
1.472,-0.173858113,-0.083998162,-0.017588124
1.476,-0.17403706,-0.087213336,-0.015485857
1.48,-0.174188524,-0.090185076,-0.01325436
1.484,-0.174312483,-0.093077055,-0.01087098
1.488,-0.174408915,-0.0959925,-0.008355292
1.492,-0.174477806,-0.099132282,-0.005702769
1.496,-0.174519145,-0.101732225,-0.002916215
1.5,-0.174532925,-0.104555415,-4.47055E-14
1.504,-0.174519145,-0.107285686,0.003046687
1.508,-0.174477806,-0.109658387,0.006224054
1.512,-0.174408915,-0.11237641,0.009518815
1.516,-0.174312483,-0.114898669,0.012944148
1.52,-0.174188524,-0.117354109,0.016490151
1.524,-0.17403706,-0.119756745,0.020157561
1.528,-0.173858113,-0.122432059,0.023960746
1.532,-0.173651711,-0.124597513,0.027863401
1.536,-0.173417889,-0.126872237,0.031873814
1.54,-0.173156681,-0.128950253,0.036009075
1.544,-0.17286813,-0.130962754,0.040281981
1.548,-0.172552281,-0.133105332,0.044609509
1.552,-0.172209184,-0.135273846,0.049069873
1.556,-0.171838893,-0.136955287,0.053606339
1.56,-0.171441467,-0.139019123,0.058314586
1.564,-0.171016969,-0.140809879,0.063061815
1.568,-0.170565464,-0.142474756,0.067911483
1.572,-0.170087026,-0.14421378,0.072849624
1.576,-0.169581729,-0.146023743,0.07800026
1.58,-0.169049652,-0.147557091,0.083105941
1.584,-0.168490881,-0.149170452,0.088322968
1.588,-0.167905504,-0.150495058,0.093567015
1.592,-0.167293612,-0.151861823,0.099095756
1.596,-0.166655302,-0.1530317,0.104562508
1.6,-0.165990676,-0.154531644,0.110207526
1.604,-0.165299838,-0.155948215,0.11590746
1.608,-0.164582897,-0.157277718,0.121658644
1.612,-0.163839966,-0.158096569,0.127606671
1.616,-0.163071163,-0.159450709,0.133607417
1.62,-0.16227661,-0.160440753,0.139851514
1.624,-0.161456431,-0.161262198,0.145919645
1.628,-0.160610756,-0.162534234,0.152310655
1.632,-0.159739719,-0.162962918,0.158501086
1.636,-0.158843457,-0.16383502,0.164732686
1.64,-0.157922112,-0.164616758,0.171459187
1.644,-0.156975829,-0.1652441,0.177721519
1.648,-0.156004758,-0.16578421,0.184424463
1.652,-0.155009052,-0.166137265,0.190925088
1.656,-0.153988869,-0.166995538,0.197748134
1.66,-0.152944368,-0.166820548,0.204739827
1.664,-0.151875716,-0.167101454,0.211382643
1.668,-0.150783081,-0.167566659,0.218019415
1.672,-0.149666636,-0.166965569,0.224805122
1.676,-0.148526556,-0.167046911,0.23142164
1.68,-0.147363023,-0.166997911,0.238203864
1.684,-0.146176219,-0.166819649,0.245165617
1.688,-0.144966332,-0.166640481,0.25214258
1.692,-0.143733553,-0.166407002,0.259216136
1.696,-0.142478077,-0.165762764,0.265668918
1.7,-0.141200103,-0.165598455,0.272562289
1.704,-0.139899831,-0.164534223,0.279907816
1.708,-0.138577467,-0.163623742,0.28726049
1.712,-0.13723322,-0.163005648,0.293645596
1.716,-0.135867303,-0.161834393,0.300663024
1.72,-0.13447993,-0.160624403,0.3075662
1.724,-0.133071322,-0.160267923,0.314107279
1.728,-0.1316417,-0.159843254,0.320422947
1.732,-0.13019129,-0.157995593,0.328285097
1.736,-0.128720322,-0.156839299,0.335157491
1.74,-0.127229027,-0.155192653,0.341870215
1.744,-0.125717641,-0.153577378,0.348113848
1.748,-0.124186403,-0.151865544,0.355236718
1.752,-0.122635555,-0.151099022,0.361038466
1.756,-0.121065341,-0.148554386,0.368030082
1.76,-0.119476009,-0.147431479,0.374190519
1.764,-0.11786781,-0.145597477,0.380992115
1.768,-0.116240999,-0.143169898,0.387125908
1.772,-0.114595833,-0.141116537,0.394198482
1.776,-0.11293257,-0.139475214,0.4006061
1.78,-0.111251474,-0.137708152,0.4073548
1.784,-0.109552809,-0.136046924,0.412082867
1.788,-0.107836846,-0.133240419,0.418683831
1.792,-0.106103853,-0.130829905,0.425101047
1.796,-0.104354106,-0.127943527,0.431248259
1.8,-0.102587879,-0.125766328,0.437114393
1.804,-0.100805453,-0.12316505,0.443059306
1.808,-0.099007109,-0.121113738,0.446813908
1.812,-0.09719313,-0.11783765,0.452176489
1.816,-0.095363804,-0.11516215,0.457253794
1.82,-0.093519418,-0.112344516,0.463544581
1.824,-0.091660264,-0.109713397,0.468749436
1.828,-0.089786637,-0.107060971,0.474921501
1.832,-0.087898831,-0.104877063,0.47645804
1.836,-0.085997144,-0.100007955,0.485136853
1.84,-0.084081878,-0.097750407,0.488217954
1.844,-0.082153334,-0.09470908,0.492043561
1.848,-0.080211817,-0.092383933,0.497320699
1.852,-0.078257634,-0.08816056,0.502480201
1.856,-0.076291093,-0.085554093,0.503903824
1.86,-0.074312505,-0.08109894,0.508350163
1.864,-0.072322182,-0.078136723,0.511744028
1.868,-0.070320439,-0.074371129,0.517349829
1.872,-0.068307591,-0.071257784,0.519208221
1.876,-0.066283956,-0.06742533,0.522794469
1.88,-0.064249855,-0.06611552,0.523264101
1.884,-0.062205608,-0.059586782,0.528844377
1.888,-0.060151538,-0.057124186,0.53060694
1.892,-0.058087969,-0.053566667,0.533257237
1.896,-0.056015227,-0.049715637,0.535010342
1.9,-0.05393364,-0.046841631,0.53590459
1.904,-0.051843536,-0.041479315,0.540609378
1.908,-0.049745246,-0.040497166,0.537852029
1.912,-0.0476391,-0.03588433,0.541273905
1.916,-0.045525431,-0.031724432,0.542603363
1.92,-0.043404573,-0.027789794,0.543586443
1.924,-0.041276862,-0.022252558,0.54764779
1.928,-0.039142632,-0.021452781,0.54574422
1.932,-0.037002221,-0.017820675,0.544511322
1.936,-0.034855967,-0.013250996,0.546062449
1.94,-0.032704209,-0.008654553,0.547429597
1.944,-0.030547286,-0.004955977,0.546996002
1.948,-0.02838554,-0.001915524,0.544868125
1.952,-0.026219312,0.001132528,0.543903326
1.956,-0.024048942,0.005659433,0.544879444
1.96,-0.021874776,0.010545691,0.544662317
1.964,-0.019697155,0.013088448,0.54182167
1.968,-0.017516424,0.016987026,0.542244837
1.972,-0.015332926,0.019236001,0.539076039
1.976,-0.013147008,0.023601662,0.538559968
1.98,-0.010959013,0.028983152,0.538802413
1.984,-0.008769288,0.032590544,0.53613887
1.988,-0.006578178,0.033105074,0.531106678
1.992,-0.004386029,0.036690959,0.528241374
1.996,-0.002193188,0.04221633,0.527469168
2,-6.03E-14,0.04505694,0.523322979
2.004,0.003289782,0.07,0.856840492
2.008,0.006579044,0.09066886,1.101817429
2.012,0.009867267,0.098402989,1.183206615
2.016,0.013153932,0.100640658,1.191306137
2.02,0.01643852,0.101765095,1.192760401
2.024,0.019720512,0.109635917,1.209178848
2.028,0.022999389,0.114419648,1.216898769
2.032,0.026274636,0.115629256,1.219510048
2.036,0.029545732,0.124033577,1.226379931
2.04,0.032812164,0.131545133,1.235318991
2.044,0.036073414,0.133623481,1.234235633
2.048,0.039328967,0.140381108,1.235162664
2.052,0.04257831,0.147713967,1.236766256
2.056,0.04582093,0.153054112,1.234130055
2.06,0.049056313,0.157156033,1.227094374
2.064,0.052283951,0.16543414,1.225251302
2.068,0.055503332,0.168622984,1.210523634
2.072,0.058713948,0.177567995,1.206965612
2.076,0.061915293,0.181945271,1.193215216
2.08,0.06510686,0.186652457,1.178470855
2.084,0.068288147,0.194776872,1.171044661
2.088,0.07145865,0.196463971,1.151258015
2.092,0.074617868,0.20282945,1.137256422
2.096,0.077765304,0.207110746,1.119659186
2.1,0.08090046,0.211684201,1.104566962
2.104,0.084022841,0.214566767,1.083741019
2.108,0.087131953,0.219123324,1.066939441
2.112,0.090227306,0.224223287,1.051554085
2.116,0.093308412,0.225007284,1.027366371
2.12,0.096374783,0.229663188,1.009791608
2.124,0.099425935,0.232698743,0.992410707
2.128,0.102461386,0.234348374,0.974021311
2.132,0.105480658,0.238621209,0.956536564
2.136,0.108483273,0.240226857,0.937007922
2.14,0.111468758,0.237477966,0.909446891
2.144,0.11443664,0.243491206,0.896130086
2.148,0.117386451,0.247709242,0.879923447
2.152,0.120317726,0.243001031,0.853612712
2.156,0.123230001,0.248796879,0.83825838
2.16,0.126122817,0.249000767,0.818507057
2.164,0.128995716,0.252040009,0.800600251
2.168,0.131848246,0.241704927,0.769403214
2.172,0.134679955,0.250383024,0.75774638
2.176,0.137490397,0.248480846,0.736753338
2.18,0.140279127,0.245545611,0.714236569
2.184,0.143045705,0.243165968,0.69001005
2.188,0.145789695,0.242110982,0.670623907
2.192,0.148510664,0.243352817,0.653298665
2.196,0.15120818,0.237474545,0.631224884
2.2,0.153881819,0.231722459,0.608566033
2.204,0.156531159,0.234344263,0.591289255
2.208,0.15915578,0.232570661,0.572220926
2.212,0.161755268,0.229312128,0.552819594
2.216,0.164329214,0.221537717,0.529737445
2.22,0.16687721,0.224570867,0.514334799
2.224,0.169398855,0.220449416,0.49543633
2.228,0.171893749,0.213162705,0.47371494
2.232,0.174361499,0.211763351,0.455774351
2.236,0.176801716,0.207659588,0.43620269
2.24,0.179214013,0.200785616,0.416569518
2.244,0.181598011,0.195929036,0.398609921
2.248,0.183953332,0.192853454,0.381674503
2.252,0.186279605,0.191385547,0.366259191
2.256,0.188576462,0.184172289,0.347370556
2.26,0.19084354,0.180252189,0.329606224
2.264,0.193080483,0.174012432,0.312268661
2.268,0.195286935,0.170756524,0.296501076
2.272,0.19746255,0.162918672,0.279533559
2.276,0.199606983,0.155149005,0.262482344
2.28,0.201719895,0.152419623,0.24875709
2.284,0.203800954,0.14443727,0.232253551
2.288,0.20584983,0.141059903,0.217945377
2.292,0.2078662,0.132734474,0.202112357
2.296,0.209849746,0.12322666,0.186613773
2.3,0.211800154,0.118398885,0.173403426
2.304,0.213717116,0.111301538,0.16030855
2.308,0.21560033,0.104851713,0.14707516
2.312,0.217449498,0.098362868,0.134018389
2.316,0.219264328,0.090683256,0.121664934
2.32,0.221044534,0.079482286,0.108301051
2.324,0.222789834,0.075936774,0.097701749
2.328,0.224499954,0.067659275,0.086566818
2.332,0.226174622,0.059636306,0.07534675
2.336,0.227813574,0.051794409,0.064759508
2.34,0.229416552,0.044428411,0.055136164
2.344,0.230983303,0.035576234,0.045372888
2.348,0.232513579,0.02867281,0.036579442
2.352,0.234007138,0.020696132,0.028186836
2.356,0.235463744,0.013590133,0.019809351
2.36,0.236883168,0.00520502,0.011870702
2.364,0.238265186,-0.002318496,0.004464049
2.368,0.239609579,-0.011475206,-0.002353647
2.372,0.240916134,-0.01982655,-0.009122919
2.376,0.242184646,-0.029829715,-0.015109183
2.38,0.243414915,-0.034310839,-0.020349623
2.384,0.244606745,-0.04276425,-0.025592333
2.388,0.245759949,-0.051232147,-0.030409224
2.392,0.246874345,-0.060103931,-0.035063693
2.396,0.247949756,-0.067487277,-0.038700858
2.4,0.248986014,-0.076044208,-0.042290092
2.404,0.249982953,-0.084754771,-0.045521467
2.408,0.250940418,-0.092157411,-0.04796923
2.412,0.251858255,-0.100214751,-0.050054268
2.416,0.252736322,-0.107960156,-0.051960455
2.42,0.253574479,-0.113852041,-0.053174783
2.424,0.254372593,-0.122549842,-0.054155942
2.428,0.255130539,-0.13009448,-0.054543529
2.432,0.255848196,-0.138672286,-0.054818185
2.436,0.256525453,-0.146111955,-0.054555923
2.44,0.257162201,-0.154099497,-0.053931875
2.444,0.25775834,-0.161540814,-0.052880419
2.448,0.258313776,-0.168815012,-0.051420336
2.452,0.258828422,-0.176277652,-0.049620739
2.456,0.259302195,-0.183480006,-0.047378403
2.46,0.259735021,-0.190647503,-0.044810333
2.464,0.260126833,-0.197800596,-0.041900061
2.468,0.260477567,-0.204915527,-0.038655336
2.472,0.260787169,-0.211756562,-0.034984383
2.476,0.26105559,-0.218192895,-0.030981826
2.48,0.261282787,-0.225126935,-0.026662413
2.484,0.261468724,-0.231652291,-0.021987066
2.488,0.261613372,-0.23823891,-0.016989286
2.492,0.261716709,-0.244560491,-0.01165094
2.496,0.261778717,-0.250922513,-0.005988505
2.5,0.261799388,-0.257106014,8.43901E-11
2.504,0.261778717,-0.263186874,0.006306747
2.508,0.261716709,-0.269269825,0.012928501
2.512,0.261613372,-0.275186912,0.019859725
2.516,0.261468724,-0.280985551,0.027099731
2.52,0.261282787,-0.286754132,0.034649704
2.524,0.26105559,-0.292716291,0.042532179
2.528,0.260787169,-0.297875659,0.050656436
2.532,0.260477567,-0.303452596,0.059088248
2.536,0.260126833,-0.308962897,0.067847395
2.54,0.259735021,-0.314542695,0.076926956
2.544,0.259302195,-0.319705847,0.086235535
2.548,0.258828422,-0.32489755,0.095849797
2.552,0.258313776,-0.330014921,0.105783751
2.556,0.25775834,-0.334808262,0.115996984
2.56,0.257162201,-0.339913596,0.126341844
2.564,0.256525453,-0.344678353,0.137206049
2.568,0.255848196,-0.348858521,0.148146239
2.572,0.255130539,-0.354052826,0.159721623
2.576,0.254372593,-0.358621019,0.171367096
2.58,0.253574479,-0.363633302,0.18329465
2.584,0.252736322,-0.367566831,0.195469025
2.588,0.251858255,-0.372030815,0.20810226
2.592,0.250940418,-0.376933711,0.221090684
2.596,0.249982953,-0.38105168,0.234290722
2.6,0.248986014,-0.385280568,0.247709032
2.604,0.247949756,-0.388772949,0.261149223
2.608,0.246874345,-0.392810969,0.275176388
2.612,0.245759949,-0.397238094,0.289887428
2.616,0.244606745,-0.400568078,0.304433643
2.62,0.243414915,-0.404502424,0.319233392
2.624,0.242184646,-0.407471185,0.33399339
2.628,0.240916134,-0.410646817,0.349761675
2.632,0.239609579,-0.413728349,0.365504525
2.636,0.238265186,-0.416804411,0.381232762
2.64,0.236883168,-0.420102892,0.397363977
2.644,0.235463744,-0.423070358,0.414028378
2.648,0.234007138,-0.426006501,0.430060529
2.652,0.232513579,-0.428081176,0.447592048
2.656,0.230983303,-0.431024991,0.464620651
2.66,0.229416552,-0.432203841,0.481312835
2.664,0.227813574,-0.433637077,0.499003332
2.668,0.226174622,-0.435705515,0.517094371
2.672,0.224499954,-0.437115597,0.533940217
2.676,0.222789834,-0.439195771,0.551856452
2.68,0.221044534,-0.438907737,0.568848833
2.684,0.219264328,-0.440783872,0.587465955
2.688,0.217449498,-0.440703518,0.606390009
2.692,0.21560033,-0.441588417,0.624741233
2.696,0.213717116,-0.442704759,0.643794401
2.7,0.211800154,-0.444663434,0.662468699
2.704,0.209849746,-0.443043878,0.681312217
2.708,0.2078662,-0.441941342,0.699041042
2.712,0.20584983,-0.442490168,0.719289617
2.716,0.203800954,-0.441826731,0.73731226
2.72,0.201719895,-0.440308801,0.755695548
2.724,0.199606983,-0.439718531,0.773708432
2.728,0.19746255,-0.438908699,0.794668423
2.732,0.195286935,-0.437438422,0.81376121
2.736,0.193080483,-0.43473864,0.833037496
2.74,0.19084354,-0.434201652,0.852690846
2.744,0.188576462,-0.432178165,0.870771444
2.748,0.186279605,-0.429853842,0.891292791
2.752,0.183953332,-0.427357648,0.910295419
2.756,0.181598011,-0.42417555,0.927497649
2.76,0.179214013,-0.421831294,0.945101065
2.764,0.176801716,-0.418957969,0.966434833
2.768,0.174361499,-0.415853212,0.988178175
2.772,0.171893749,-0.411760413,1.001943262
2.776,0.169398855,-0.407749555,1.020932965
2.78,0.16687721,-0.404102006,1.040984051
2.784,0.164329214,-0.399511608,1.058676135
2.788,0.161755268,-0.395630828,1.075352571
2.792,0.15915578,-0.391230467,1.093010523
2.796,0.156531158,-0.387077045,1.112932149
2.8,0.153881819,-0.381072274,1.131305184
2.804,0.15120818,-0.376097298,1.149838737
2.808,0.148510664,-0.370512244,1.163077337
2.812,0.145789695,-0.365716216,1.17660744
2.816,0.143045705,-0.35965859,1.192358612
2.82,0.140279127,-0.352801153,1.217126788
2.824,0.137490397,-0.347245389,1.225275213
2.828,0.134679955,-0.339363741,1.244029902
2.832,0.131848246,-0.334102349,1.261651314
2.836,0.128995716,-0.326456979,1.275558488
2.84,0.126122817,-0.320619269,1.288575656
2.844,0.123230001,-0.312129128,1.303480302
2.848,0.120317726,-0.306064088,1.316068705
2.852,0.117386451,-0.297243009,1.330516267
2.856,0.11443664,-0.290937094,1.34208275
2.86,0.111468758,-0.282923059,1.358859633
2.864,0.108483273,-0.275245742,1.365467907
2.868,0.105480658,-0.267228378,1.377022157
2.872,0.102461386,-0.257816475,1.389730844
2.876,0.099425935,-0.25307452,1.390729604
2.88,0.096374782,-0.242968358,1.40143635
2.884,0.093308412,-0.233018874,1.41550724
2.888,0.090227306,-0.224616581,1.426169423
2.892,0.087131953,-0.218917884,1.425255898
2.896,0.08402284,-0.207615551,1.436825529
2.9,0.08090046,-0.198031841,1.454360066
2.904,0.077765304,-0.191152021,1.451648269
2.908,0.074617868,-0.180676939,1.455869462
2.912,0.07145865,-0.168612787,1.473804116
2.916,0.068288147,-0.160480828,1.477626979
2.92,0.06510686,-0.15279189,1.478946182
2.924,0.061915293,-0.141146536,1.486322898
2.928,0.058713948,-0.131287394,1.490687893
2.932,0.055503332,-0.124084976,1.48883692
2.936,0.052283951,-0.115472405,1.492917878
2.94,0.049056313,-0.102995724,1.496195257
2.944,0.04582093,-0.095232955,1.495063655
2.948,0.04257831,-0.084623071,1.499000523
2.952,0.039328967,-0.074592051,1.501695785
2.956,0.036073414,-0.066858031,1.499178633
2.96,0.032812164,-0.055070315,1.499426725
2.964,0.029545732,-0.045005202,1.498016086
2.968,0.026274635,-0.036842491,1.495240791
2.972,0.022999389,-0.02657414,1.492733368
2.976,0.019720511,-0.016772499,1.493295771
2.98,0.016438519,-0.008723508,1.487678737
2.984,0.013153932,0.003053628,1.490969383
2.988,0.009867267,0.011898969,1.483695655
2.992,0.006579044,0.017612583,1.473316748
2.996,0.003289781,0.030902946,1.473094113
3,-9.04E-11,0.040186349,1.468080408
3.004,-0.005263435,0.08,3.163329043
3.008,-0.010524741,0.152109112,4.099439597
3.012,-0.015781793,0.157806544,4.215354236
3.016,-0.021032466,0.172648383,4.203103359
3.02,-0.026274636,0.180784477,4.151122603
3.024,-0.031506184,0.197364888,4.117587062
3.028,-0.036724997,0.2121678,4.075192074
3.032,-0.041928963,0.224742091,4.020286576
3.036,-0.04711598,0.242279656,3.961466912
3.04,-0.052283951,0.249670459,3.865018047
3.044,-0.057430786,0.271532042,3.810679188
3.048,-0.062554405,0.276815,3.69641253
3.052,-0.067652736,0.295375725,3.625324969
3.056,-0.072723719,0.299901559,3.50499463
3.06,-0.077765304,0.316386008,3.412611328
3.064,-0.082775453,0.316832588,3.284937982
3.068,-0.08775214,0.329077013,3.183771088
3.072,-0.092693354,0.327742836,3.046726182
3.076,-0.097597097,0.335509895,2.936549563
3.08,-0.102461387,0.332777126,2.810464434
3.084,-0.107284257,0.338246066,2.694922385
3.088,-0.112063758,0.337831297,2.576047359
3.092,-0.116797957,0.327629083,2.430516329
3.096,-0.121484942,0.329722347,2.323835787
3.1,-0.126122817,0.318544194,2.185017763
3.104,-0.130709707,0.305407049,2.047599801
3.108,-0.135243759,0.323771262,1.995274692
3.112,-0.139723139,0.29943571,1.834878111
3.116,-0.144146037,0.290627097,1.711803699
3.12,-0.148510664,0.265671281,1.57914947
3.124,-0.152815256,0.257470914,1.466970331
3.128,-0.157058074,0.225678937,1.322038089
3.132,-0.161237401,0.214887037,1.21717459
3.136,-0.165351549,0.197411954,1.103741118
3.14,-0.169398855,0.17772909,1.004631529
3.144,-0.173377681,0.158893337,0.89371734
3.148,-0.177286421,0.139779105,0.794676893
3.152,-0.181123494,0.11392259,0.694671688
3.156,-0.184887348,0.094341763,0.602948731
3.16,-0.188576462,0.070825122,0.514257921
3.164,-0.192189345,0.044025966,0.420968491
3.168,-0.195724536,0.018495078,0.335107599
3.172,-0.199180607,-0.004002514,0.262070376
3.176,-0.20255616,-0.028800813,0.187164196
3.18,-0.20584983,-0.057793497,0.109934611
3.184,-0.209060287,-0.088102899,0.037757997
3.188,-0.212186232,-0.112707693,-0.023217889
3.192,-0.215226401,-0.139237205,-0.082673189
3.196,-0.218179567,-0.169607792,-0.14280593
3.2,-0.221044534,-0.205486138,-0.197802546
3.204,-0.223820145,-0.233773067,-0.246882208
3.208,-0.226505278,-0.258381932,-0.285841652
3.212,-0.229098847,-0.286942549,-0.324024255
3.216,-0.231599804,-0.320344463,-0.360672342
3.22,-0.234007138,-0.347211341,-0.389907529
3.224,-0.236319875,-0.377512925,-0.415932144
3.228,-0.238537081,-0.406465839,-0.438251627
3.232,-0.24065786,-0.440083903,-0.457319591
3.236,-0.242681354,-0.466842898,-0.468708329
3.24,-0.244606745,-0.493964623,-0.477112452
3.244,-0.246433255,-0.525780935,-0.484276593
3.248,-0.248160146,-0.554540274,-0.485751924
3.252,-0.249786718,-0.583581058,-0.482552108
3.256,-0.251312316,-0.611703609,-0.475676258
3.26,-0.252736322,-0.636909822,-0.464655349
3.264,-0.25405816,-0.663762746,-0.449882778
3.268,-0.255277297,-0.69171122,-0.431919435
3.272,-0.256393239,-0.720193855,-0.410528747
3.276,-0.257405535,-0.746299135,-0.385330261
3.28,-0.258313776,-0.771213739,-0.356327387
3.284,-0.259117595,-0.796503365,-0.324246806
3.288,-0.259816667,-0.820678342,-0.288443691
3.292,-0.260410709,-0.845048638,-0.249702856
3.296,-0.260899482,-0.868126443,-0.20749555
3.3,-0.261282787,-0.891901859,-0.162283171
3.304,-0.261560469,-0.915289433,-0.113805461
3.308,-0.261732417,-0.937827432,-0.062050944
3.312,-0.261798561,-0.96016289,-0.007094664
3.316,-0.261758874,-0.981179805,0.051019736
3.32,-0.261613372,-1.002170583,0.112247378
3.324,-0.261362114,-1.02245444,0.176553291
3.328,-0.261005202,-1.04357877,0.244081161
3.332,-0.26054278,-1.062680956,0.314461215
3.336,-0.259975034,-1.082760294,0.388188701
3.34,-0.259302195,-1.101650081,0.464869875
3.344,-0.258524534,-1.119131922,0.54423846
3.348,-0.257642365,-1.135993379,0.626627679
3.352,-0.256656046,-1.152295516,0.711782971
3.356,-0.255565975,-1.16665459,0.799107451
3.36,-0.254372593,-1.183657541,0.890199742
3.364,-0.253076381,-1.197898383,0.984370689
3.368,-0.251677865,-1.211528479,1.079981604
3.372,-0.250177609,-1.226631628,1.180789717
3.376,-0.24857622,-1.237025973,1.281240218
3.38,-0.246874345,-1.246607357,1.383043842
3.384,-0.245072672,-1.2579544,1.489841022
3.388,-0.24317193,-1.268378504,1.597826857
3.392,-0.241172887,-1.274716019,1.707234072
3.396,-0.23907635,-1.281400035,1.818494925
3.4,-0.236883168,-1.288784722,1.935340265
3.404,-0.234594227,-1.294401018,2.049722608
3.408,-0.232210453,-1.300274997,2.168857432
3.412,-0.229732809,-1.301889375,2.286320563
3.416,-0.227162296,-1.303227974,2.403105296
3.42,-0.224499954,-1.304079074,2.523843894
3.424,-0.221746858,-1.301985296,2.643339104
3.428,-0.218904123,-1.303587557,2.769527499
3.432,-0.215972896,-1.297530643,2.886348274
3.436,-0.212954364,-1.294891177,3.012598881
3.44,-0.209849746,-1.292136197,3.140324993
3.444,-0.206660297,-1.281876927,3.253648176
3.448,-0.203387306,-1.273172918,3.377743461
3.452,-0.200032097,-1.263805174,3.495989268
3.456,-0.196596026,-1.255736204,3.620202113
3.46,-0.193080482,-1.24278206,3.74430232
3.464,-0.189486887,-1.22915803,3.855747503
3.468,-0.185816692,-1.217798335,3.989960948
3.472,-0.182071381,-1.199481501,4.092428788
3.476,-0.178252469,-1.182554116,4.211070335
3.48,-0.174361499,-1.16865397,4.343279491
3.484,-0.170400044,-1.14400064,4.4150964
3.488,-0.166369706,-1.124165245,4.547610769
3.492,-0.162272114,-1.102856343,4.657271289
3.496,-0.158108924,-1.07997399,4.75017478
3.5,-0.153881819,-1.055512143,4.82885821
3.504,-0.149592508,-1.031057622,4.938313914
3.508,-0.145242725,-1.004870647,4.993161031
3.512,-0.140834229,-0.976173098,5.094390353
3.516,-0.1363688,-0.94976517,5.150112608
3.52,-0.131848246,-0.919938203,5.219004722
3.524,-0.127274392,-0.889735299,5.315817952
3.528,-0.122649088,-0.858331436,5.376807303
3.532,-0.117974204,-0.825741572,5.438643024
3.536,-0.113251629,-0.796155313,5.528552438
3.54,-0.108483273,-0.761781404,5.565939829
3.544,-0.103671063,-0.730118506,5.613056953
3.548,-0.098816945,-0.690327938,5.690973904
3.552,-0.09392288,-0.660616066,5.691481557
3.556,-0.088990847,-0.621726739,5.76334781
3.56,-0.08402284,-0.587393696,5.783430762
3.564,-0.079020868,-0.554977336,5.819888592
3.568,-0.073986951,-0.517056276,5.822313586
3.572,-0.068923126,-0.48194442,5.84280924
3.576,-0.063831439,-0.44848199,5.838308079
3.58,-0.058713948,-0.409051227,5.855793975
3.584,-0.053572722,-0.382978127,5.817102891
3.588,-0.04840984,-0.340192761,5.827395745
3.592,-0.043227388,-0.312693373,5.779312748
3.596,-0.038027462,-0.27189325,5.788470384
3.6,-0.032812164,-0.243742643,5.731375364
3.604,-0.027583601,-0.203798007,5.713564987
3.608,-0.022343888,-0.17808837,5.640606936
3.612,-0.017095142,-0.140647237,5.613219966
3.616,-0.011839486,-0.111548347,5.561474952
3.62,-0.006579043,-0.082517622,5.4883725
3.624,-0.001315941,-0.049394026,5.430533368
3.628,0.00493451,0,7.578994691
3.632,0.011510827,0.045809374,8.625068983
3.636,0.018079873,0.069888526,8.656825674
3.64,0.024637499,0.122944607,8.613794291
3.644,0.031179564,0.143272602,8.385128032
3.648,0.037701935,0.188254377,8.215186659
3.652,0.044200493,0.21711925,8.001592246
3.656,0.050671133,0.235797698,7.700821603
3.66,0.057109767,0.239896777,7.354649194
3.664,0.06351233,0.293375211,7.208755885
3.668,0.069874778,0.320997815,6.963227594
3.672,0.076193091,0.33298807,6.645796244
3.676,0.082463278,0.347631557,6.364051159
3.68,0.08868138,0.357489302,6.062026794
3.684,0.09484347,0.36459278,5.74834218
3.688,0.100945653,0.360722193,5.436082567
3.692,0.106984078,0.370340692,5.156174271
3.696,0.112954929,0.341501689,4.7709118
3.7,0.118854435,0.351919413,4.517295751
3.704,0.12467887,0.315048831,4.138374423
3.708,0.130424556,0.317641128,3.867495804
3.712,0.136087862,0.280353878,3.52645016
3.716,0.141665213,0.23846923,3.149607536
3.72,0.147153084,0.241417625,2.946587827
3.724,0.152548011,0.215171555,2.66262153
3.728,0.157846585,0.185016138,2.375628698
3.732,0.16304546,0.148395533,2.089653379
3.736,0.168141352,0.112994675,1.842243711
3.74,0.173131042,0.069852795,1.570334458
3.744,0.178011379,0.034437874,1.336636029
3.748,0.18277928,-0.009735882,1.101605479
3.752,0.187431733,-0.058938161,0.868877685
3.756,0.191965801,-0.096766216,0.661046272
3.76,0.196378619,-0.156613995,0.444772034
3.764,0.2006674,-0.200634279,0.260240985
3.768,0.204829435,-0.245063205,0.089108677
3.772,0.208862096,-0.301702218,-0.081038942
3.776,0.212762835,-0.358116952,-0.236444809
3.78,0.216529188,-0.407604597,-0.37094244
3.784,0.220158777,-0.462666127,-0.497214185
3.788,0.223649309,-0.521059903,-0.611217282
3.792,0.226998579,-0.57383299,-0.709997519
3.796,0.230204472,-0.636219678,-0.800474596
3.8,0.233264963,-0.680038262,-0.862498306
3.804,0.236178118,-0.738441216,-0.924148108
3.808,0.238942099,-0.788937304,-0.965207424
3.812,0.241555159,-0.850985326,-1.00006058
3.816,0.244015647,-0.893605431,-1.013553232
3.82,0.246322009,-0.948795034,-1.023427151
3.824,0.24847279,-1.003043708,-1.019452233
3.828,0.250466629,-1.051652162,-1.000960093
3.832,0.252302269,-1.102206414,-0.971706505
3.836,0.253978549,-1.143884736,-0.930205366
3.84,0.255494411,-1.195861648,-0.880291587
3.844,0.256848897,-1.244320831,-0.819081716
3.848,0.258041152,-1.290910091,-0.747619111
3.852,0.259070422,-1.336327031,-0.665444632
3.856,0.259936058,-1.383595396,-0.574166779
3.86,0.260637513,-1.427604601,-0.471839191
3.864,0.261174343,-1.471639301,-0.359817522
3.868,0.261546211,-1.513925932,-0.23767463
3.872,0.26175288,-1.555306511,-0.105532744
3.876,0.26179422,-1.594754431,0.036376231
3.88,0.261670206,-1.632909671,0.187813567
3.884,0.261380915,-1.668920585,0.348545576
3.888,0.26092653,-1.70439398,0.518515421
3.892,0.260307338,-1.739089406,0.697723676
3.896,0.259523731,-1.772800988,0.886106865
3.9,0.258576203,-1.804804159,1.083437328
3.904,0.257465353,-1.835665512,1.289998453
3.908,0.256191882,-1.863202135,1.503943481
3.912,0.254756594,-1.889789388,1.725540239
3.916,0.253160397,-1.914535437,1.956590069
3.92,0.251404299,-1.937668896,2.194977057
3.924,0.249489408,-1.960463797,2.443110136
3.928,0.247416934,-1.974402866,2.691383183
3.932,0.245188187,-1.993552432,2.952546291
3.936,0.242804573,-2.009896203,3.2218137
3.94,0.240267599,-2.021467196,3.494047518
3.944,0.237578867,-2.030663851,3.774618475
3.948,0.234740074,-2.038117313,4.055675086
3.952,0.231753015,-2.046857506,4.349205318
3.956,0.228619576,-2.046978335,4.638235007
3.96,0.225341736,-2.047659964,4.938731445
3.964,0.221921565,-2.043564608,5.236630354
3.968,0.218361223,-2.042329313,5.553812083
3.972,0.21466296,-2.03073899,5.834151331
3.976,0.210829111,-2.02965256,6.172795929
3.98,0.206862098,-2.007067116,6.465929092
3.984,0.202764427,-1.990077056,6.767592952
3.988,0.198538685,-1.974156058,7.05931901
3.992,0.194187542,-1.947942708,7.38126806
3.996,0.189713746,-1.921131404,7.676212709
4,0.185120122,-1.894503756,7.966500166
4.004,0.180409573,-1.859579028,8.25544165
4.008,0.175585073,-1.829786639,8.56425254
4.012,0.17064967,-1.782261712,8.784861033
4.016,0.165606481,-1.744781365,9.092363014
4.02,0.160458691,-1.699099231,9.356812392
4.024,0.155209552,-1.653682882,9.528364507
4.028,0.14986238,-1.601757857,9.803545213
4.032,0.144420551,-1.549100646,9.917182299
4.036,0.138887503,-1.495248539,10.19315921
4.04,0.133266731,-1.438335686,10.30507661
4.044,0.127561784,-1.379595717,10.57046319
4.048,0.121776267,-1.316942666,10.69207031
4.052,0.115913833,-1.26079589,10.79574416
4.056,0.109978186,-1.184639286,11.12694774
4.06,0.103973074,-1.125500808,11.15703174
4.064,0.097902291,-1.047323052,11.41479605
4.068,0.09176967,-0.989119168,11.36761164
4.072,0.085579086,-0.90919086,11.55939137
4.076,0.079334448,-0.848970549,11.61360051
4.08,0.0730397,-0.772796453,11.63992278
4.084,0.06669882,-0.710436418,11.61942045
4.088,0.06031581,-0.636840237,11.65058263
4.092,0.053894705,-0.580605814,11.54839936
4.096,0.047439558,-0.50358376,11.56240179
4.1,0.040954447,-0.439353139,11.50383049
4.104,0.034443468,-0.381382276,11.35565404
4.108,0.027910735,-0.305080649,11.32523215
4.112,0.021360372,-0.246065537,11.16595039
4.116,0.014796517,-0.195856741,10.99568268
4.12,0.008223317,-0.123973506,10.89030395
4.124,0.001644923,-0.065581365,10.70428502
4.128,-0.005921258,0.01,14.23421631
4.132,-0.013811033,0.09354427,15.54519315
4.136,-0.021688246,0.152440131,15.43473406
4.14,-0.029545733,0.204325043,14.95996892
4.144,-0.037376348,0.269815896,14.5199756
4.148,-0.045172969,0.336973552,14.09126498
4.152,-0.052928504,0.366969866,13.43031595
4.156,-0.0606359,0.406519585,12.83522723
4.16,-0.068288147,0.449947056,12.27478705
4.164,-0.075878285,0.474457086,11.60558269
4.168,-0.083399411,0.492067318,10.96663037
4.172,-0.090844683,0.495515108,10.26558153
4.176,-0.098207331,0.502462032,9.608284973
4.18,-0.105480659,0.495537256,8.927713867
4.184,-0.11265805,0.46317694,8.167857593
4.188,-0.119732977,0.456350838,7.546657464
4.192,-0.126699005,0.411440556,6.810190464
4.196,-0.133549799,0.380776245,6.165131608
4.2,-0.140279127,0.345474304,5.51304896
4.204,-0.14688087,0.300536973,4.902205605
4.208,-0.153349022,0.251387619,4.30614432
4.212,-0.159677702,0.184610049,3.690140322
4.216,-0.165861152,0.121648412,3.123297864
4.22,-0.171893749,0.037996148,2.562054657
4.224,-0.177770007,-0.037126566,2.03651893
4.228,-0.18348458,-0.114631707,1.555254256
4.232,-0.189032272,-0.19967587,1.084953528
4.236,-0.194408036,-0.281889824,0.658200673
4.24,-0.199606983,-0.379420396,0.251158548
4.244,-0.204624385,-0.469218604,-0.124266099
4.248,-0.209455678,-0.572821592,-0.474590831
4.252,-0.214096469,-0.664587514,-0.767041615
4.256,-0.218542535,-0.762188571,-1.03916388
4.26,-0.222789835,-0.854182231,-1.262739055
4.264,-0.226834503,-0.951996695,-1.466523704
4.268,-0.230672863,-1.050078869,-1.62950045
4.272,-0.234301423,-1.135116068,-1.748514487
4.276,-0.237716882,-1.228251248,-1.845420557
4.28,-0.240916134,-1.328801079,-1.912332266
4.284,-0.24389627,-1.403403975,-1.929056631
4.288,-0.246654579,-1.499415647,-1.934582098
4.292,-0.249188552,-1.585890276,-1.904531153
4.296,-0.251495885,-1.672622713,-1.844512261
4.3,-0.253574479,-1.750341579,-1.755639302
4.304,-0.255422443,-1.83362509,-1.640150798
4.308,-0.257038097,-1.917634792,-1.498589921
4.312,-0.258419971,-1.995744106,-1.330664927
4.316,-0.259566809,-2.073072292,-1.135802246
4.32,-0.260477567,-2.150990387,-0.916727244
4.324,-0.261151417,-2.22829937,-0.671707273
4.328,-0.261587747,-2.301457467,-0.400702748
4.332,-0.261786159,-2.37498699,-0.104389325
4.336,-0.261746472,-2.443112348,0.216972453
4.34,-0.261468724,-2.510608579,0.562912163
4.344,-0.260953166,-2.57449656,0.933366617
4.348,-0.260200268,-2.637589851,1.327908931
4.352,-0.259210714,-2.697717221,1.746898182
4.356,-0.257985404,-2.75492449,2.190172579
4.36,-0.256525453,-2.805619264,2.654022948
4.364,-0.254832188,-2.853394461,3.137590759
4.368,-0.25290715,-2.899405585,3.647801664
4.372,-0.25075209,-2.943084074,4.178154505
4.376,-0.248368967,-2.973526513,4.719545214
4.38,-0.245759949,-3.005624888,5.281860559
4.384,-0.242927409,-3.034283862,5.864422674
4.388,-0.239873923,-3.050131553,6.446694763
4.392,-0.236602269,-3.072018987,7.076310973
4.396,-0.233115421,-3.081833623,7.692134432
4.4,-0.229416552,-3.08171564,8.313931962
4.404,-0.225509025,-3.079449731,8.944787797
4.408,-0.221396395,-3.07549669,9.619640322
4.412,-0.217082402,-3.055803577,10.22740686
4.416,-0.212570969,-3.037959606,10.88943799
4.42,-0.2078662,-3.012913958,11.54876912
4.424,-0.202972374,-2.972200222,12.14676743
4.428,-0.197893941,-2.937979946,12.79491576
4.432,-0.192635522,-2.892504099,13.4761876
4.436,-0.187201897,-2.839024728,14.04226399
4.44,-0.18159801,-2.77554378,14.61758286
4.444,-0.175828958,-2.717978418,15.24149193
4.448,-0.169899986,-2.633921764,15.77348354
4.452,-0.163816488,-2.562016223,16.34064893
4.456,-0.157583996,-2.474084909,16.67976809
4.46,-0.15120818,-2.38560768,17.29925071
4.464,-0.144694837,-2.290808157,17.59324544
4.468,-0.138049893,-2.193242226,18.15594655
4.472,-0.131279391,-2.091430776,18.43136748
4.476,-0.124389488,-1.988293886,18.94980974
4.48,-0.117386451,-1.878425713,19.0815041
4.484,-0.11027665,-1.761668071,19.59407994
4.488,-0.10306655,-1.655236256,19.65017574
4.492,-0.09576271,-1.524509662,20.05397992
4.496,-0.088371772,-1.396291647,20.35237853
4.5,-0.080900459,-1.289801559,20.39009213
4.504,-0.073355566,-1.159907604,20.43109917
4.508,-0.065743956,-1.047739491,20.36533156
4.512,-0.05807255,-0.918796629,20.38907352
4.516,-0.050348326,-0.808910079,20.24502581
4.52,-0.04257831,-0.700206116,20.06176428
4.524,-0.034769568,-0.588258226,19.83017577
4.528,-0.026929203,-0.470288752,19.62974696
4.532,-0.019064345,-0.354564197,19.36929952
4.536,-0.011182148,-0.249378094,19.10181537
4.54,-0.003289781,-0.166313297,18.5523727
4.544,0.003947505,-0.849050083,9.489477538
4.548,0.009207355,0.054554751,8.193753593
4.552,0.01445883,0.083795835,7.476850298
4.556,0.019697155,0.11215208,7.001815158
4.56,0.024917565,0.144957852,6.654058656
4.564,0.030115313,0.164456141,6.286129164
4.568,0.035285669,0.18083639,5.95524586
4.572,0.040423934,0.19866463,5.638780301
4.576,0.045525431,0.202420021,5.296975032
4.58,0.050585523,0.206135147,4.975782209
4.584,0.055599607,0.21697112,4.663132883
4.588,0.060563122,0.211520608,4.338233403
4.592,0.065471554,0.214878287,4.041217706
4.596,0.070320439,0.207693217,3.733212119
4.6,0.075105367,0.198711029,3.427426847
4.604,0.079821985,0.192056273,3.131352304
4.608,0.084466003,0.175430282,2.833688767
4.612,0.089033199,0.159005293,2.549255606
4.616,0.093519418,0.13561274,2.263714859
4.62,0.09792058,0.114288971,1.997160684
4.624,0.102232682,0.084565906,1.726627508
4.628,0.106451801,0.059623705,1.475850918
4.632,0.110574101,0.028307455,1.230594295
4.636,0.114595833,-0.007109964,0.99491048
4.64,0.118513338,-0.040725521,0.775653358
4.644,0.122323053,-0.079893257,0.565492009
4.648,0.126021514,-0.118780898,0.367932675
4.652,0.129605357,-0.152140942,0.190793883
4.656,0.133071322,-0.19947375,0.017979055
4.66,0.136416257,-0.243510213,-0.138785046
4.664,0.139637119,-0.279444597,-0.271096246
4.668,0.142730979,-0.326217381,-0.401428045
4.672,0.145695024,-0.367734897,-0.51232684
4.676,0.148526556,-0.412415208,-0.608414767
4.68,0.151223002,-0.451029682,-0.683215061
4.684,0.153781909,-0.496437142,-0.752354469
4.688,0.156200949,-0.537187672,-0.80431906
4.692,0.158477921,-0.579544551,-0.841699169
4.696,0.160610756,-0.620480095,-0.866761392
4.7,0.162597514,-0.659216712,-0.87467839
4.704,0.164436386,-0.691771305,-0.868367457
4.708,0.166125702,-0.732008027,-0.853007093
4.712,0.167663923,-0.769139239,-0.824090347
4.716,0.169049653,-0.805676978,-0.78316266
4.72,0.170281629,-0.83993755,-0.729785373
4.724,0.171358731,-0.872802713,-0.66484089
4.728,0.172279981,-0.903777796,-0.588504272
4.732,0.173044539,-0.934629138,-0.501190543
4.736,0.173651711,-0.963842654,-0.402890735
4.74,0.174100945,-0.993103801,-0.294407903
4.744,0.174391831,-1.020244936,-0.174984918
4.748,0.174524106,-1.046659458,-0.045436986
4.752,0.174497648,-1.07099899,0.094099554
4.756,0.174312483,-1.093815496,0.243237921
4.76,0.173968777,-1.115874877,0.40199699
4.764,0.173466845,-1.135536157,0.56948799
4.768,0.172807142,-1.153183247,0.745967342
4.772,0.171990269,-1.170190311,0.930719023
4.776,0.171016968,-1.184094912,1.122366465
4.78,0.169888125,-1.196289932,1.322170713
4.784,0.168604767,-1.206061887,1.528162617
4.788,0.16716806,-1.213938525,1.739933283
4.792,0.165579311,-1.220588819,1.958132886
4.796,0.163839966,-1.22496629,2.180377485
4.8,0.161951606,-1.226548471,2.408323881
4.804,0.159915949,-1.22508851,2.64128547
4.808,0.157734846,-1.225068308,2.878399547
4.812,0.155410281,-1.218659608,3.111270772
4.816,0.152944368,-1.20999105,3.350563249
4.82,0.15033935,-1.199904389,3.587735029
4.824,0.147597597,-1.185330734,3.82257117
4.828,0.144721601,-1.171535459,4.060974888
4.832,0.141713979,-1.152818218,4.287651661
4.836,0.138577467,-1.131500371,4.521449379
4.84,0.135314916,-1.108041487,4.737941286
4.844,0.131929294,-1.085070029,4.979130851
4.848,0.128423681,-1.055742739,5.190479364
4.852,0.124801265,-1.02836039,5.408233878
4.856,0.12106534,-0.994368793,5.608098716
4.86,0.117219305,-0.95991126,5.823042551
4.864,0.113266657,-0.927175553,5.999694377
4.868,0.109210992,-0.887519041,6.167189419
4.872,0.105055997,-0.849530405,6.325137638
4.876,0.100805453,-0.804200993,6.516763633
4.88,0.096463225,-0.766012151,6.597943288
4.884,0.092033262,-0.720145212,6.746072434
4.888,0.087519594,-0.6717877,6.872168307
4.892,0.082926325,-0.628692693,6.964551649
4.896,0.078257634,-0.587652399,7.013224332
4.9,0.073517766,-0.531796739,7.111083938
4.904,0.068711033,-0.494160273,7.105670774
4.908,0.063841807,-0.43814671,7.211080151
4.912,0.058914515,-0.392519554,7.211079548
4.916,0.05393364,-0.351509211,7.174644302
4.92,0.048903711,-0.28600211,7.261475318
4.924,0.043829304,-0.256490713,7.142986534
4.928,0.038715033,-0.19229265,7.189641619
4.932,0.033565551,-0.161596204,7.051628019
4.936,0.02838554,-0.103719355,7.0313512
4.94,0.023179712,-0.066567705,6.919927207
4.944,0.017952802,-0.020734376,6.830684846
4.948,0.012709563,0.021626353,6.715042738
4.952,0.007454765,0.05071071,6.540797632
4.956,0.002193187,0.096966243,6.407992188
4.96,-0.001315898,-0.301229491,2.372706617
4.964,-0.003946496,0.136546274,1.754545308
4.968,-0.006573504,0.130682733,1.554715453
4.972,-0.009194534,0.140169336,1.451155431
4.976,-0.011807201,0.139663718,1.342164736
4.98,-0.01440913,0.136639884,1.243509531
4.984,-0.016997953,0.137916226,1.151317708
4.988,-0.019571316,0.138022756,1.074816674
4.992,-0.022126879,0.14338572,0.999084775
4.996,-0.024662317,0.144410225,0.926839553
5,-0.027175325,0.141537636,0.855714298
5.004,-0.029663616,0.131213922,0.768563448
5.008,-0.032124928,0.135723496,0.709723189
5.012,-0.034557021,0.133854527,0.640466123
5.016,-0.036957685,0.126852343,0.574604912
5.02,-0.039324735,0.120846641,0.501524477
5.024,-0.041656019,0.118978109,0.446953262
5.028,-0.043949415,0.115879787,0.390379656
5.032,-0.04620284,0.106511936,0.329463758
5.036,-0.048414242,0.10197656,0.272884402
5.04,-0.050581611,0.094298168,0.220197612
5.044,-0.052702975,0.085461952,0.164919769
5.048,-0.054776405,0.077043888,0.117576451
5.052,-0.056800015,0.067211382,0.069595891
5.056,-0.058771965,0.057214902,0.0237254
5.06,-0.060690461,0.047732139,-0.016969809
5.064,-0.062553758,0.037838936,-0.055642403
5.068,-0.064360161,0.026262096,-0.09220378
5.072,-0.066108028,0.01547547,-0.124599318
5.076,-0.067795769,0.00308314,-0.154526117
5.08,-0.069421849,-0.008787204,-0.181030903
5.084,-0.070984788,-0.020053768,-0.205037056
5.088,-0.072483166,-0.031257215,-0.224788393
5.092,-0.07391562,-0.043165866,-0.241495568
5.096,-0.075280846,-0.05425602,-0.254557458
5.1,-0.076577603,-0.066541966,-0.265314225
5.104,-0.077804712,-0.079195722,-0.27241292
5.108,-0.078961056,-0.091285516,-0.276354106
5.112,-0.080045584,-0.100465519,-0.276191255
5.116,-0.08105731,-0.112239229,-0.273331374
5.12,-0.081995313,-0.122908016,-0.267253479
5.124,-0.08285874,-0.133826525,-0.258432373
5.128,-0.083646806,-0.144416303,-0.246551023
5.132,-0.084358794,-0.154349838,-0.231766443
5.136,-0.084994056,-0.164355892,-0.21413922
5.14,-0.085552016,-0.172944978,-0.193740993
5.144,-0.086032164,-0.181767123,-0.170723464
5.148,-0.086434065,-0.191738921,-0.145382131
5.152,-0.086757353,-0.199032215,-0.117554842
5.156,-0.087001734,-0.206589756,-0.087502738
5.16,-0.087166986,-0.213459438,-0.055247494
5.164,-0.087252958,-0.219734731,-0.020923381
5.168,-0.087259572,-0.22545303,0.015334709
5.172,-0.087186823,-0.230770555,0.053399526
5.176,-0.087034776,-0.235669596,0.093150619
5.18,-0.08680357,-0.239952601,0.134453764
5.184,-0.086493414,-0.245168055,0.177114597
5.188,-0.086104592,-0.247567059,0.221197237
5.192,-0.085637456,-0.25002052,0.266284713
5.196,-0.085092432,-0.251665961,0.312355032
5.2,-0.084470015,-0.253478774,0.359378935
5.204,-0.083770772,-0.254518506,0.407154073
5.208,-0.082995338,-0.254376022,0.45473751
5.212,-0.082144418,-0.254282591,0.503381338
5.216,-0.081218787,-0.253110653,0.552145913
5.22,-0.080219287,-0.253222553,0.600889342
5.224,-0.079146825,-0.250368377,0.64905566
5.228,-0.078002379,-0.247574675,0.697550557
5.232,-0.076786989,-0.243968068,0.745157355
5.236,-0.075501759,-0.24075391,0.791636738
5.24,-0.07414786,-0.235657759,0.837607996
5.244,-0.072726522,-0.230506366,0.882997924
5.248,-0.071239039,-0.225252301,0.926640009
5.252,-0.069686762,-0.219782333,0.970105439
5.256,-0.068071105,-0.213733315,1.0116323
5.26,-0.066393535,-0.207586706,1.050583275
5.264,-0.064655581,-0.199974357,1.088694158
5.268,-0.06285882,-0.192122993,1.123975051
5.272,-0.061004889,-0.183379628,1.158029291
5.276,-0.059095473,-0.175539047,1.188898221
5.28,-0.057132309,-0.167070349,1.218482355
5.284,-0.055117183,-0.157465346,1.244554418
5.288,-0.053051926,-0.150303238,1.265242784
5.292,-0.050938418,-0.138954095,1.28924402
5.296,-0.048778581,-0.129606843,1.305856886
5.3,-0.046574379,-0.12000012,1.321563926
5.304,-0.044327817,-0.1108691,1.332056938
5.308,-0.042040939,-0.099593581,1.343206379
5.312,-0.039715823,-0.089830618,1.351272062
5.316,-0.037354586,-0.079733314,1.35458141
5.32,-0.034959373,-0.071333113,1.353021706
5.324,-0.032532365,-0.060882324,1.348462533
5.328,-0.030075769,-0.0511906,1.342324677
5.332,-0.027591817,-0.039580921,1.333894058
5.336,-0.025082771,-0.03144256,1.319686138
5.34,-0.022550912,-0.022669138,1.303025446
5.344,-0.019998542,-0.015785639,1.281484253
5.348,-0.017427983,-0.004919402,1.264817413
5.352,-0.014841574,0.003423157,1.240501083
5.356,-0.012241665,0.006996894,1.206555061
5.36,-0.009630623,0.018019355,1.181702914
5.364,-0.007010822,0.023445015,1.147884714
5.368,-0.004384644,0.031251708,1.112441769
5.372,-0.001754478,0.036298674,1.072550453
5.376,0.000548308,0.013681867,0.769004954
5.38,0.002741106,0.044110192,0.761134593
5.384,0.004932173,0.047642227,0.715637541
5.388,0.007120124,0.048013075,0.675624161
5.392,0.009303579,0.05490375,0.646245628
5.396,0.011481156,0.05754584,0.615468794
5.4,0.013651483,0.059521295,0.584847598
5.404,0.015813186,0.055934729,0.549291122
5.408,0.017964902,0.060063507,0.523472666
5.412,0.02010527,0.061396186,0.496221938
5.416,0.02223294,0.06530235,0.472378061
5.42,0.024346567,0.062555407,0.441700534
5.424,0.026444816,0.061092847,0.413266647
5.428,0.028526362,0.062661888,0.387616767
5.432,0.03058989,0.060652345,0.36065432
5.436,0.032634097,0.062932498,0.335810333
5.44,0.034657692,0.062184049,0.309971931
5.444,0.036659396,0.059676953,0.28229332
5.448,0.038637945,0.058798186,0.255993061
5.452,0.040592089,0.051302816,0.228432802
5.456,0.042520595,0.052529988,0.205368335
5.46,0.044422244,0.049800342,0.180748043
5.464,0.046295835,0.048066796,0.155890146
5.468,0.048140184,0.045506245,0.133163636
5.472,0.049954127,0.040089379,0.109657583
5.476,0.051736518,0.036438661,0.087438199
5.48,0.053486231,0.033108728,0.06496722
5.484,0.055202161,0.029646276,0.044745535
5.488,0.056883224,0.024344961,0.023814935
5.492,0.058528358,0.020742243,0.006580766
5.496,0.060136525,0.012548537,-0.013206744
5.5,0.061706708,0.011212,-0.028756638
5.504,0.063237915,0.00523846,-0.045403975
5.508,0.064729181,0.000629799,-0.060271891
5.512,0.066179562,-0.005378614,-0.07438575
5.516,0.067588142,-0.010595123,-0.086706215
5.52,0.068954033,-0.01686925,-0.098659197
5.524,0.070276371,-0.023854991,-0.109483966
5.528,0.07155432,-0.029568494,-0.118668741
5.532,0.072787075,-0.034427194,-0.126678028
5.536,0.073973855,-0.040064932,-0.13344128
5.54,0.075113912,-0.045613203,-0.138947892
5.544,0.076206525,-0.052148177,-0.143675548
5.548,0.077251005,-0.05767145,-0.146881788
5.552,0.078246692,-0.062745973,-0.148982219
5.556,0.079192956,-0.068909378,-0.149920871
5.56,0.0800892,-0.075519965,-0.15004232
5.564,0.080934858,-0.081170477,-0.148614178
5.568,0.081729396,-0.084614757,-0.145728149
5.572,0.082472312,-0.089617382,-0.141914657
5.576,0.083163136,-0.095550537,-0.137223641
5.58,0.083801433,-0.100455639,-0.131311099
5.584,0.084386799,-0.105349718,-0.124378666
5.588,0.084918865,-0.110242333,-0.116481541
5.592,0.085397294,-0.114700465,-0.10751128
5.596,0.085821784,-0.119002859,-0.097547268
5.6,0.086192068,-0.123084399,-0.086715133
5.604,0.08650791,-0.126833227,-0.074934269
5.608,0.086769113,-0.130661895,-0.06233951
5.612,0.08697551,-0.134061418,-0.048894487
5.616,0.087126972,-0.137330587,-0.034686441
5.62,0.087223402,-0.140322631,-0.019717889
5.624,0.08726474,-0.14301955,-0.004029689
5.628,0.08725096,-0.145510152,0.012338154
5.632,0.08718207,-0.147690935,0.029351156
5.636,0.087058114,-0.14971266,0.046967438
5.64,0.086879171,-0.151562865,0.065165461
5.644,0.086645353,-0.153205004,0.083849342
5.648,0.086356807,-0.154645442,0.103077399
5.652,0.086013717,-0.155800554,0.122811209
5.656,0.085616299,-0.156732809,0.142864313
5.66,0.085164804,-0.157303215,0.163333571
5.664,0.084659516,-0.157625654,0.184180788
5.668,0.084100756,-0.157232131,0.205021856
5.672,0.083488876,-0.157351504,0.226398156
5.676,0.082824263,-0.156995959,0.247933971
5.68,0.082107336,-0.156840765,0.269531875
5.684,0.081338549,-0.155876838,0.291463455
5.688,0.080518386,-0.154249004,0.31297631
5.692,0.079647366,-0.153053303,0.334938959
5.696,0.078726039,-0.150996189,0.356363933
5.7,0.077754987,-0.149086657,0.377525832
5.704,0.076734824,-0.146843518,0.3986744
5.708,0.075666193,-0.143763658,0.420358273
5.712,0.074549769,-0.140967446,0.440846947
5.716,0.073386259,-0.138169147,0.460866074
5.72,0.072176396,-0.134989818,0.481324161
5.724,0.070920945,-0.131558811,0.50077908
5.728,0.069620698,-0.128060556,0.519751088
5.732,0.068276478,-0.12414029,0.538267563
5.736,0.066889133,-0.120075767,0.556106655
5.74,0.065459539,-0.115452311,0.573602888
5.744,0.0639886,-0.110905611,0.589748179
5.748,0.062477244,-0.106198555,0.605161934
5.752,0.060926426,-0.101053002,0.621278649
5.756,0.059337126,-0.09655645,0.635219741
5.76,0.057710347,-0.091480406,0.648577313
5.764,0.056047117,-0.086350232,0.660675205
5.768,0.054348486,-0.080886475,0.671610792
5.772,0.052615528,-0.074922708,0.682777701
5.776,0.050849337,-0.070085641,0.691352794
5.78,0.049051028,-0.06407149,0.699982736
5.784,0.047221737,-0.057902308,0.708022336
5.788,0.04536262,-0.053156073,0.713418325
5.792,0.043474852,-0.046308134,0.719726409
5.796,0.041559623,-0.040859475,0.723545371
5.8,0.039618145,-0.035229671,0.726806384
5.804,0.037651643,-0.029439952,0.727800495
5.808,0.035661359,-0.023719144,0.729345576
5.812,0.033648551,-0.017772066,0.726975067
5.816,0.03161449,-0.011983476,0.725330967
5.82,0.02956046,-0.005862056,0.721562387
5.824,0.027487759,-0.000121086,0.71756435
5.828,0.025397697,0.004593636,0.712877546
5.832,0.023291592,0.009454586,0.705034375
5.836,0.021170776,0.014719637,0.696225859
5.84,0.019036589,0.020483143,0.689156926
5.844,0.016890377,0.025827732,0.680932669
5.848,0.014733497,0.029745003,0.66778085
5.852,0.012567311,0.032746299,0.654644575
5.856,0.010393188,0.038649445,0.642554682
5.86,0.008212499,0.043168366,0.630095043
5.864,0.006026624,0.047160885,0.613650344
5.868,0.003836942,0.049499457,0.595348877
5.872,0.001644836,0.054487629,0.579463718
5.876,-0.000438647,0.013082692,0.439434525
5.88,-0.002193015,0.056277681,0.395880267
5.884,-0.003946496,0.057183336,0.37654089
5.888,-0.005698381,0.058919551,0.361696123
5.892,-0.007447963,0.060965235,0.347247233
5.896,-0.009194534,0.06368103,0.335017306
5.9,-0.010937388,0.067160297,0.322831883
5.904,-0.012675821,0.066696147,0.308432201
5.908,-0.01440913,0.065693876,0.293481806
5.912,-0.016136614,0.066957611,0.280850824
5.916,-0.017857574,0.069356929,0.269871508
5.92,-0.019571316,0.069923376,0.258169283
5.924,-0.021277146,0.073084163,0.248444602
5.928,-0.022974376,0.069432698,0.23391588
5.932,-0.024662317,0.069692601,0.222489998
5.936,-0.026340289,0.071425218,0.212459941
5.94,-0.028007614,0.07197387,0.202447525
5.944,-0.029663616,0.070097173,0.191518149
5.948,-0.031307627,0.070690118,0.180498842
5.952,-0.032938982,0.072437189,0.171748044
5.956,-0.034557021,0.069369856,0.158957575
5.96,-0.036161091,0.071110927,0.150345665
5.964,-0.037750543,0.068179637,0.139437734
5.968,-0.039324735,0.066307407,0.129320994
5.972,-0.04088303,0.066519245,0.119508557
5.976,-0.042424798,0.065860371,0.109723598
5.98,-0.043949415,0.06500116,0.099740188
5.984,-0.045456267,0.063513022,0.090157807
5.988,-0.046944743,0.06129046,0.080732652
5.992,-0.048414242,0.059590342,0.071575503
5.996,-0.04986417,0.059701936,0.062718166
6,-0.05129394,0.057438155,0.053649366
6.004,-0.052702975,0.055112685,0.043658473
6.008,-0.054090705,0.053758123,0.035816149
6.012,-0.055456569,0.050706109,0.027221557
6.016,-0.056800015,0.048080523,0.019437512
6.02,-0.0581205,0.044732143,0.011208748
6.024,-0.05941749,0.043566597,0.003493027
6.028,-0.060690461,0.042716126,-0.002953151
6.032,-0.061938897,0.039156691,-0.010385426
6.036,-0.063162296,0.03674134,-0.01680838
6.04,-0.064360161,0.033014312,-0.023488019
6.044,-0.065532009,0.030573267,-0.029328146
6.048,-0.066677366,0.027512645,-0.034740276
6.052,-0.067795769,0.024200744,-0.040101258
6.056,-0.068886766,0.021566276,-0.044978915
6.06,-0.069949915,0.018317118,-0.049388783
6.064,-0.070984788,0.015521515,-0.053714978
6.068,-0.071990966,0.012482537,-0.05734588
6.072,-0.072968041,0.009438127,-0.060741433
6.076,-0.07391562,0.006451246,-0.06367956
6.08,-0.074833318,0.002707078,-0.066436948
6.084,-0.075720765,-0.000102619,-0.068628094
6.088,-0.076577603,-0.003312812,-0.070370971
6.092,-0.077403484,-0.006789318,-0.072066035
6.096,-0.078198076,-0.010663685,-0.073129794
6.1,-0.078961056,-0.013419672,-0.07388714
6.104,-0.079692117,-0.016160555,-0.074145262
6.108,-0.080390962,-0.019826479,-0.074037783
6.112,-0.08105731,-0.021981016,-0.073448171
6.116,-0.081690891,-0.025479126,-0.07260108
6.12,-0.082291448,-0.028687099,-0.071446108
6.124,-0.08285874,-0.031440013,-0.069718851
6.128,-0.083392536,-0.034825762,-0.067853194
6.132,-0.083892622,-0.03801335,-0.065560415
6.136,-0.084358794,-0.040650095,-0.062834667
6.14,-0.084790864,-0.043726406,-0.059803754
6.144,-0.085188658,-0.046676131,-0.056427373
6.148,-0.085552016,-0.048654156,-0.05274757
6.152,-0.085880789,-0.051714134,-0.048694666
6.156,-0.086174845,-0.054496223,-0.044355904
6.16,-0.086434065,-0.056955509,-0.039684938
6.164,-0.086658345,-0.060536439,-0.034742352
6.168,-0.086847593,-0.061926518,-0.029490126
6.172,-0.087001734,-0.064080763,-0.023953812
6.176,-0.087120705,-0.066315808,-0.018146475
6.18,-0.087204457,-0.068378623,-0.012071896
6.184,-0.087252958,-0.070289942,-0.005741882
6.188,-0.087266187,-0.072177567,0.000835276
6.192,-0.087244139,-0.073999321,0.007649082
6.196,-0.087186823,-0.07576327,0.014692951
6.2,-0.087094262,-0.077324184,0.021951617
6.204,-0.086966494,-0.078923877,0.029426879
6.208,-0.08680357,-0.081500765,0.037083796
6.212,-0.086605556,-0.08210755,0.044961793
6.216,-0.086372532,-0.08332478,0.052996818
6.22,-0.086104592,-0.084417939,0.061190921
6.224,-0.085801845,-0.085634661,0.069579297
6.228,-0.085464413,-0.086244988,0.078115063
6.232,-0.085092432,-0.087163033,0.086780305
6.236,-0.084686053,-0.088025684,0.095598334
6.24,-0.084245441,-0.088780764,0.104480861
6.244,-0.083770772,-0.089322444,0.113520724
6.248,-0.083262239,-0.089634984,0.12253331
6.252,-0.082720048,-0.090024088,0.131718307
6.256,-0.082144418,-0.090249174,0.141028995
6.26,-0.081535582,-0.090463758,0.150411914
6.264,-0.080893785,-0.090920755,0.159727857
6.268,-0.080219287,-0.090794911,0.169338443
6.272,-0.07951236,-0.090411105,0.17857578
6.276,-0.078773292,-0.090177812,0.188146204
6.28,-0.078002379,-0.089570305,0.197434361
6.284,-0.077199935,-0.089016664,0.206880921
6.288,-0.076366282,-0.088708848,0.216086752
6.292,-0.075501759,-0.08793437,0.225430864
6.296,-0.074606715,-0.086723777,0.2346118
6.3,-0.073681511,-0.085797896,0.243808968
6.304,-0.072726522,-0.084531266,0.252922664
6.308,-0.071742134,-0.083383293,0.261786245
6.312,-0.070728744,-0.082258242,0.270534001
6.316,-0.069686762,-0.080669589,0.279388151
6.32,-0.06861661,-0.079258008,0.287933148
6.324,-0.06751872,-0.077699266,0.29600551
6.328,-0.066393535,-0.076090811,0.304179239
6.332,-0.065241512,-0.074571775,0.311785455
6.336,-0.064063115,-0.071999767,0.319610609
6.34,-0.06285882,-0.06986083,0.326944855
6.344,-0.061629116,-0.067771571,0.333879342
6.348,-0.060374498,-0.065740397,0.340801134
6.352,-0.059095474,-0.063197241,0.347500415
6.356,-0.05779256,-0.061102845,0.353833616
6.36,-0.056466285,-0.058549405,0.359850798
6.364,-0.055117183,-0.056019035,0.365804504
6.368,-0.0537458,-0.053211857,0.370735366
6.372,-0.052352691,-0.050662033,0.376322208
6.376,-0.050938418,-0.048516994,0.380500547
6.38,-0.049503554,-0.045841077,0.384608713
6.384,-0.048048679,-0.042629122,0.389187587
6.388,-0.046574379,-0.040050756,0.393226666
6.392,-0.045081253,-0.036866406,0.396562617
6.396,-0.043569902,-0.033660995,0.399735317
6.4,-0.042040939,-0.030742472,0.402203557
6.404,-0.04049498,-0.028117591,0.404757481
6.408,-0.038932652,-0.025737242,0.406406831
6.412,-0.037354586,-0.022123038,0.408015848
6.416,-0.035761419,-0.019283288,0.409026136
6.42,-0.034153795,-0.016716356,0.409479777
6.424,-0.032532365,-0.013417608,0.409735855
6.428,-0.030897784,-0.009520228,0.409797441
6.432,-0.029250713,-0.006852108,0.40866915
6.436,-0.027591817,-0.003879526,0.407283166
6.44,-0.025921768,-0.000617232,0.406354569
6.444,-0.02424124,0.00209308,0.405258659
6.448,-0.022550912,0.004949467,0.402667689
6.452,-0.020851468,0.007921926,0.400143562
6.456,-0.019143595,0.01078966,0.396757381
6.46,-0.017427983,0.013154239,0.393359269
6.464,-0.015705326,0.016810891,0.3911142
6.468,-0.013976321,0.018994955,0.386346387
6.472,-0.012241665,0.021948956,0.382346272
6.476,-0.010502061,0.024884888,0.377855704
6.48,-0.008758212,0.026751537,0.371299883
6.484,-0.007010822,0.02934555,0.366630708
6.488,-0.005260597,0.031531019,0.360452943
6.492,-0.003508247,0.033767458,0.354102881
6.496,-0.001754478,0.036941129,0.348131973
6.5,2.24E-10,0.039391685,0.341452346
6.504,0.001096594,-0.007599265,0.18125472
6.508,0.002193015,0.044637526,0.17643862
6.512,0.003289089,0.042728959,0.167525266
6.516,0.004384644,0.042515269,0.163556517
6.52,0.005479507,0.044253541,0.160197612
6.524,0.006573504,0.04447634,0.155263051
6.528,0.007666463,0.045589867,0.150826429
6.532,0.008758212,0.047408433,0.147117751
6.536,0.009848578,0.046435793,0.142533227
6.54,0.010937388,0.048290451,0.138623094
6.544,0.012024471,0.048491194,0.134141422
6.548,0.013109656,0.050836485,0.130973384
6.552,0.01419277,0.050487639,0.126726974
6.556,0.015273643,0.051959394,0.123354331
6.56,0.016352105,0.053343882,0.120604809
6.564,0.017427984,0.053145151,0.116990817
6.568,0.018501111,0.052613934,0.113691641
6.572,0.019571316,0.052178037,0.110339815
6.576,0.020638431,0.053911617,0.107960983
6.58,0.021702287,0.054297232,0.105240353
6.584,0.022762716,0.054890596,0.103000806
6.588,0.02381955,0.055816122,0.100655661
6.592,0.024872623,0.05567566,0.09823218
6.596,0.025921768,0.056817145,0.096322495
6.6,0.02696682,0.057259246,0.094743701
6.604,0.028007614,0.056226868,0.09226296
6.608,0.029043984,0.056508935,0.090035392
6.612,0.030075769,0.05982386,0.08892163
6.616,0.031102804,0.05755793,0.086324276
6.62,0.032124928,0.057970525,0.084740673
6.624,0.033141978,0.057867117,0.082703542
6.628,0.034153796,0.058654181,0.081153899
6.632,0.03516022,0.058804318,0.079389972
6.636,0.036161091,0.05855481,0.077837999
6.64,0.037156253,0.056967072,0.075629119
6.644,0.038145547,0.058620996,0.074135154
6.648,0.039128817,0.05970407,0.072426926
6.652,0.040105909,0.059323823,0.070726017
6.656,0.041076667,0.059795595,0.069067321
6.66,0.042040939,0.058519228,0.067159952
6.664,0.042998572,0.058889967,0.065270998
6.668,0.043949415,0.058847882,0.063495134
6.672,0.044893318,0.059087767,0.061761642
6.676,0.045830132,0.058686364,0.0598965
6.68,0.046759709,0.058110881,0.058137806
6.684,0.047681902,0.057467564,0.056305709
6.688,0.048596565,0.058768985,0.054564757
6.692,0.049503555,0.058493297,0.052746592
6.696,0.050402727,0.058174301,0.050909656
6.7,0.05129394,0.057786522,0.049047354
6.704,0.052177053,0.057451608,0.047060783
6.708,0.053051927,0.056814303,0.045228465
6.712,0.053918423,0.05655585,0.043162788
6.716,0.054776405,0.056213497,0.04153369
6.72,0.055625737,0.055380199,0.039839149
6.724,0.056466285,0.055615263,0.038017519
6.728,0.057297916,0.054562498,0.036335185
6.732,0.0581205,0.054830531,0.034643008
6.736,0.058933905,0.053954005,0.032949438
6.74,0.059738005,0.052920169,0.03115968
6.744,0.06053267,0.052992594,0.029598348
6.748,0.061317777,0.052930007,0.028059346
6.752,0.062093202,0.052011112,0.026404194
6.756,0.062858821,0.051271295,0.024817896
6.76,0.063614514,0.050948537,0.023331527
6.764,0.064360161,0.050288191,0.021903948
6.768,0.065095645,0.049708193,0.020423683
6.772,0.06582085,0.049087118,0.019012215
6.776,0.066535661,0.04859789,0.017720961
6.78,0.067239965,0.0478143,0.016415198
6.784,0.067933651,0.047107352,0.015081153
6.788,0.06861661,0.046152408,0.013727731
6.792,0.069288734,0.045445719,0.012571339
6.796,0.069949915,0.044172426,0.011360829
6.8,0.070600051,0.043308549,0.010205937
6.804,0.071239039,0.043100693,0.009113738
6.808,0.071866777,0.042486512,0.008067825
6.812,0.072483166,0.042014709,0.007057225
6.816,0.073088109,0.041118673,0.005998407
6.82,0.073681511,0.040359877,0.00502628
6.824,0.074263278,0.039675107,0.004107177
6.828,0.074833318,0.038921478,0.003194488
6.832,0.075391541,0.037945767,0.002331634
6.836,0.075937858,0.036924208,0.00148735
6.84,0.076472184,0.036089646,0.000642796
6.844,0.076994434,0.035405521,-6.67883E-05
6.848,0.077504526,0.034626122,-0.000791712
6.852,0.078002379,0.033463661,-0.001490088
6.856,0.078487915,0.032757111,-0.002122876
6.86,0.078961056,0.030494809,-0.002772105
6.864,0.079421729,0.02994161,-0.003396424
6.868,0.07986986,0.029721897,-0.003887249
6.872,0.080305378,0.030183839,-0.004342157
6.876,0.080728216,0.028764639,-0.004806635
6.88,0.081138305,0.028264203,-0.00523072
6.884,0.081535582,0.026624859,-0.005635883
6.888,0.081919983,0.02559373,-0.005988826
6.892,0.082291448,0.024627181,-0.006261161
6.896,0.082649919,0.023773174,-0.006521373
6.9,0.082995338,0.022921184,-0.006751377
6.904,0.083327651,0.021987248,-0.006941547
6.908,0.083646806,0.021181333,-0.00706817
6.912,0.083952752,0.020274247,-0.00717899
6.916,0.084245441,0.019440104,-0.00723576
6.92,0.084524826,0.01852174,-0.007274561
6.924,0.084790864,0.017686765,-0.007250121
6.928,0.085043513,0.016848082,-0.007193404
6.932,0.085282732,0.015923091,-0.007104324
6.936,0.085508484,0.015207669,-0.006966896
6.94,0.085720734,0.014422767,-0.006798407
6.944,0.085919447,0.01390442,-0.006582721
6.948,0.086104592,0.012868709,-0.006341869
6.952,0.086276141,0.012094699,-0.006069782
6.956,0.086434065,0.011301451,-0.005745542
6.96,0.08657834,0.010503854,-0.005395971
6.964,0.086708944,0.00973465,-0.005006869
6.968,0.086825856,0.008962304,-0.004583282
6.972,0.086929056,0.008207408,-0.004125394
6.976,0.08701853,0.007493152,-0.003631873
6.98,0.087094262,0.006753551,-0.003108076
6.984,0.087156241,0.006178756,-0.002548778
6.988,0.087204457,0.005371981,-0.001959473
6.992,0.087238903,0.004687605,-0.001336821
6.996,0.087259572,0.004042093,-0.000683652
7,0.087266463,0.003414861,9.97153E-11
7.004,0.087259572,0.002798188,0.000713571
7.008,0.087238903,0.002204273,0.001456444
7.012,0.087204457,0.001623203,0.00222854
7.016,0.087156241,0.000924173,0.003029
7.02,0.087094262,0.000515544,0.003855784
7.024,0.08701853,-0.0000109,0.004710927
7.028,0.086929056,-0.000508463,0.005590232
7.032,0.086825856,-0.000968287,0.006495976
7.036,0.086708944,-0.001447203,0.007425502
7.04,0.08657834,-0.001902039,0.008377892
7.044,0.086434065,-0.002364058,0.009360212
7.048,0.08627614,-0.002799224,0.010355897
7.052,0.086104592,-0.003194588,0.011381647
7.056,0.085919447,-0.003617179,0.012426341
7.06,0.085720734,-0.003974389,0.013488198
7.064,0.085508484,-0.004333209,0.014573333
7.068,0.085282732,-0.004559939,0.015670923
7.072,0.085043513,-0.004940982,0.016791149
7.076,0.084790864,-0.005258874,0.017927518
7.08,0.084524826,-0.005519386,0.019082863
7.084,0.084245441,-0.005743613,0.020249326
7.088,0.083952752,-0.005910938,0.021426103
7.092,0.083646806,-0.006210869,0.022639428
7.096,0.083327651,-0.006359203,0.023847893
7.1,0.082995338,-0.00652457,0.025092933
7.104,0.082649919,-0.006657526,0.026330185
7.108,0.082291448,-0.006842737,0.027628948
7.112,0.081919983,-0.006571397,0.028923063
7.116,0.081535582,-0.00707607,0.030167492
7.12,0.081138305,-0.007390904,0.031621954
7.124,0.080728215,-0.007185037,0.032774707
7.128,0.080305378,-0.007481361,0.034054555
7.132,0.079869859,-0.00728591,0.035366477
7.136,0.079421729,-0.007606101,0.036682305
7.14,0.078961056,-0.007485541,0.038012653
7.144,0.078487915,-0.007217526,0.039344321
7.148,0.078002379,-0.00731547,0.040657489
7.152,0.077504526,-0.007064842,0.041964638
7.156,0.076994434,-0.007056432,0.043359699
7.16,0.076472184,-0.006849785,0.044711998
7.164,0.075937858,-0.006740375,0.04607164
7.168,0.07539154,-0.006307427,0.047458092
7.172,0.074833318,-0.006220384,0.04893258
7.176,0.074263278,-0.006073726,0.050165564
7.18,0.073681511,-0.00589873,0.051549737
7.184,0.073088109,-0.005661668,0.052871249
7.188,0.072483166,-0.005526596,0.054247128
7.192,0.071866777,-0.005171566,0.055635155
7.196,0.071239039,-0.005040056,0.057018814
7.2,0.070600051,-0.004563414,0.058368974
7.204,0.069949915,-0.004457507,0.059770545
7.208,0.069288733,-0.004160358,0.061054715
7.212,0.06861661,-0.003944458,0.062433038
7.216,0.067933651,-0.003221384,0.063789475
7.22,0.067239965,-0.002957217,0.065065355
7.224,0.066535661,-0.002268131,0.066393908
7.228,0.06582085,-0.001865014,0.067642746
7.232,0.065095645,-0.001429221,0.069056302
7.236,0.064360161,-0.001026854,0.070254695
7.24,0.063614513,-0.000342688,0.071543813
7.244,0.06285882,0.000000963,0.072768702
7.248,0.062093201,0.000667233,0.074029761
7.252,0.061317777,0.001271231,0.075281287
7.256,0.06053267,0.001436705,0.076452999
7.26,0.059738004,0.001986919,0.077660015
7.264,0.058933905,0.002608151,0.078911735
7.268,0.0581205,0.002869409,0.080160451
7.272,0.057297916,0.003450209,0.08115333
7.276,0.056466285,0.004339858,0.082354575
7.28,0.055625737,0.004896899,0.083462606
7.284,0.054776405,0.005591537,0.084512709
7.288,0.053918423,0.006389577,0.085659361
7.292,0.053051926,0.007311637,0.086795614
7.296,0.052177053,0.007907294,0.087869115
7.3,0.05129394,0.008435962,0.088876476
7.304,0.050402727,0.009089624,0.089850466
7.308,0.049503554,0.009719324,0.090798999
7.312,0.048596565,0.01040487,0.091728426
7.316,0.047681902,0.010776514,0.092703538
7.32,0.046759709,0.011403905,0.09355151
7.324,0.045830132,0.011995182,0.094386369
7.328,0.044893318,0.013144757,0.095213906
7.332,0.043949415,0.014026387,0.095988846
7.336,0.042998572,0.01491568,0.096880847
7.34,0.042040939,0.015976754,0.097595685
7.344,0.041076667,0.016755256,0.098477664
7.348,0.040105909,0.017502786,0.099053418
7.352,0.039128817,0.018135254,0.099738067
7.356,0.038145547,0.01874433,0.100320048
7.36,0.037156252,0.019652224,0.100948193
7.364,0.036161091,0.020143583,0.101471299
7.368,0.035160219,0.020895482,0.101947253
7.372,0.034153795,0.021723121,0.102489188
7.376,0.033141978,0.022759446,0.102796334
7.38,0.032124927,0.023843802,0.103044992
7.384,0.031102804,0.02476214,0.103473886
7.388,0.030075769,0.025642198,0.103663617
7.392,0.029043984,0.026663041,0.103883563
7.396,0.028007613,0.027508622,0.104183195
7.4,0.02696682,0.028480996,0.104494373
7.404,0.025921768,0.028729468,0.10460935
7.408,0.024872623,0.029444098,0.104763862
7.412,0.02381955,0.029772999,0.104719988
7.416,0.022762715,0.031212418,0.104972356
7.42,0.021702287,0.031715724,0.104687627
7.424,0.020638431,0.033100191,0.104845969
7.428,0.019571316,0.034052933,0.10491435
7.432,0.01850111,0.035115962,0.104935051
7.436,0.017427983,0.035855492,0.104764844
7.44,0.016352104,0.036512411,0.104769673
7.444,0.015273643,0.037034945,0.104426891
7.448,0.01419277,0.037390846,0.104042028
7.452,0.013109656,0.038017825,0.103677648
7.456,0.012024471,0.038957792,0.103422083
7.46,0.010937388,0.040196077,0.103139829
7.464,0.009848577,0.041083767,0.102661692
7.468,0.008758212,0.042061331,0.102194282
7.472,0.007666463,0.043066889,0.102002624
7.476,0.006573504,0.043990034,0.101331646
7.48,0.005479506,0.043970215,0.100677769
7.484,0.004384644,0.044381007,0.100164932
7.488,0.003289089,0.045032806,0.09945194
7.492,0.002193014,0.045444978,0.098610093
7.496,0.001096594,0.046627677,0.097962802
7.5,-1.73E-10,0.047497534,0.097266528
